academic_year,admission_route,cap_round,quota,institute_code,college_name,branch_code,branch_name,college_status,university,section,seat_type,category,gender,university_type,stage,opening_rank,closing_rank,opening_score,closing_score,source_file,source_page,extraction_method,verified,needs_review,review_reason
2025-26,FE,3,MH,01002,"Government College of Engineering, Amravati",0100219110,Civil Engineering,Government Autonomous,,STATE,GOPENS,OPEN,GENERAL,STATE,I,,31618,,90.6688280,FE_2025_CAP3_MH.pdf,1,pdfplumber_text,false,false,
2025-26,FE,3,MH,01002,"Government College of Engineering, Amravati",0100219110,Civil Engineering,Government Autonomous,,STATE,GSCS,SC,GENERAL,STATE,I,,53254,,84.0359888,FE_2025_CAP3_MH.pdf,1,pdfplumber_text,false,false,
2025-26,FE,3,MH,01002,"Government College of Engineering, Amravati",0100219110,Civil Engineering,Government Autonomous,,STATE,GNT1S,NT1,GENERAL,STATE,I,,49466,,85.1919561,FE_2025_CAP3_MH.pdf,1,pdfplumber_text,false,false,
2025-26,FE,3,MH,01002,"Government College of Engineering, Amravati",0100219110,Civil Engineering,Government Autonomous,,STATE,GSEBCS,SEBC,GENERAL,STATE,I,,73539,,77.1618860,FE_2025_CAP3_MH.pdf,1,pdfplumber_text,false,false,
2025-26,FE,3,MH,01002,"Government College of Engineering, Amravati",0100219110,Civil Engineering,Government Autonomous,,STATE,LSCS,SC,LADIES,STATE,I,,41066,,87.9159305,FE_2025_CAP3_MH.pdf,1,pdfplumber_text,false,false,
2025-26,FE,3,MH,01002,"Government College of Engineering, Amravati",0100219110,Civil Engineering,Government Autonomous,,STATE,LSEBCS,SEBC,LADIES,STATE,I,,91727,,70.6189283,FE_2025_CAP3_MH.pdf,1,pdfplumber_text,false,false,
2025-26,FE,3,MH,01002,"Government College of Engineering, Amravati",0100224210,Computer Science and Engineering,Government Autonomous,,STATE,GOPENS,OPEN,GENERAL,STATE,I,,10017,,97.1220006,FE_2025_CAP3_MH.pdf,1,pdfplumber_text,false,false,
2025-26,FE,3,MH,01002,"Government College of Engineering, Amravati",0100224210,Computer Science and Engineering,Government Autonomous,,STATE,GOBCS,OBC,GENERAL,STATE,I,,11290,,96.7783105,FE_2025_CAP3_MH.pdf,1,pdfplumber_text,false,false,
2025-26,FE,3,MH,01002,"Government College of Engineering, Amravati",0100224610,Information Technology,Government Autonomous,,STATE,GOPENS,OPEN,GENERAL,STATE,I,,13634,,96.0780932,FE_2025_CAP3_MH.pdf,1,pdfplumber_text,false,false,
2025-26,FE,3,MH,01002,"Government College of Engineering, Amravati",0100224610,Information Technology,Government Autonomous,,STATE,GVJS,VJ,GENERAL,STATE,I,,26351,,92.3341523,FE_2025_CAP3_MH.pdf,1,pdfplumber_text,false,false,
2025-26,FE,3,MH,01002,"Government College of Engineering, Amravati",0100224610,Information Technology,Government Autonomous,,STATE,GNT2S,NT2,GENERAL,STATE,I,,23636,,93.1055879,FE_2025_CAP3_MH.pdf,1,pdfplumber_text,false,false,
2025-26,FE,3,MH,01002,"Government College of Engineering, Amravati",0100224610,Information Technology,Government Autonomous,,STATE,GOBCS,OBC,GENERAL,STATE,I,,14798,,95.7536628,FE_2025_CAP3_MH.pdf,1,pdfplumber_text,false,false,
2025-26,FE,3,MH,01002,"Government College of Engineering, Amravati",0100224610,Information Technology,Government Autonomous,,STATE,LOPENS,OPEN,LADIES,STATE,I,,12774,,96.3424067,FE_2025_CAP3_MH.pdf,1,pdfplumber_text,false,false,
2025-26,FE,3,MH,01002,"Government College of Engineering, Amravati",0100224610,Information Technology,Government Autonomous,,STATE,LOBCS,OBC,LADIES,STATE,I,,15087,,95.6472486,FE_2025_CAP3_MH.pdf,1,pdfplumber_text,false,false,
2025-26,FE,3,MH,01002,"Government College of Engineering, Amravati",0100224610,Information Technology,Government Autonomous,,STATE,TFWS,TFWS,SPECIAL,STATE,I,,14372,,95.8681150,FE_2025_CAP3_MH.pdf,1,pdfplumber_text,false,false,
2025-26,FE,3,MH,01002,"Government College of Engineering, Amravati",0100224610,Information Technology,Government Autonomous,,STATE,EWS,EWS,SPECIAL,STATE,I,,18334,,94.7364547,FE_2025_CAP3_MH.pdf,1,pdfplumber_text,false,false,
2025-26,FE,3,MH,01002,"Government College of Engineering, Amravati",0100229310,Electrical Engineering,Government Autonomous,,STATE,GOPENS,OPEN,GENERAL,STATE,I,,27004,,92.0769231,FE_2025_CAP3_MH.pdf,1,pdfplumber_text,false,true,COLUMN_ALIGNMENT_UNCERTAIN
2025-26,FE,3,MH,01002,"Government College of Engineering, Amravati",0100229310,Electrical Engineering,Government Autonomous,,STATE,GSCS,SC,GENERAL,STATE,I,,29152,,91.4450061,FE_2025_CAP3_MH.pdf,1,pdfplumber_text,false,true,COLUMN_ALIGNMENT_UNCERTAIN
2025-26,FE,3,MH,01002,"Government College of Engineering, Amravati",0100229310,Electrical Engineering,Government Autonomous,,STATE,GSEBCS,SEBC,GENERAL,STATE,I,,50107,,85.0571556,FE_2025_CAP3_MH.pdf,1,pdfplumber_text,false,true,COLUMN_ALIGNMENT_UNCERTAIN
2025-26,FE,3,MH,01002,"Government College of Engineering, Amravati",0100229310,Electrical Engineering,Government Autonomous,,STATE,LOPENS,OPEN,LADIES,STATE,I,,24597,,92.8376317,FE_2025_CAP3_MH.pdf,1,pdfplumber_text,false,true,COLUMN_ALIGNMENT_UNCERTAIN
2025-26,FE,3,MH,01002,"Government College of Engineering, Amravati",0100229310,Electrical Engineering,Government Autonomous,,STATE,LOBCS,OBC,LADIES,STATE,I,,26902,,92.1231015,FE_2025_CAP3_MH.pdf,1,pdfplumber_text,false,true,COLUMN_ALIGNMENT_UNCERTAIN
2025-26,FE,3,MH,01002,"Government College of Engineering, Amravati",0100229310,Electrical Engineering,Government Autonomous,,STATE,DEFOPENS,OPEN,SPECIAL,STATE,I,,64751,,80.3531469,FE_2025_CAP3_MH.pdf,1,pdfplumber_text,false,true,COLUMN_ALIGNMENT_UNCERTAIN
2025-26,FE,3,MH,01002,"Government College of Engineering, Amravati",0100229310,Electrical Engineering,Government Autonomous,,STATE,DEFROBCS,OBC,SPECIAL,STATE,I,,174647,,26.7336064,FE_2025_CAP3_MH.pdf,1,pdfplumber_text,false,true,COLUMN_ALIGNMENT_UNCERTAIN
2025-26,FE,3,MH,01002,"Government College of Engineering, Amravati",0100229310,Electrical Engineering,Government Autonomous,,STATE,ORPHAN,ORPHAN,SPECIAL,STATE,I,,71160,,78.2722320,FE_2025_CAP3_MH.pdf,1,pdfplumber_text,false,true,COLUMN_ALIGNMENT_UNCERTAIN
2025-26,FE,3,MH,01002,"Government College of Engineering, Amravati",0100229310,Electrical Engineering,Government Autonomous,,STATE,GOPENS,OPEN,GENERAL,STATE,VII,,27160,,92.0737359,FE_2025_CAP3_MH.pdf,1,pdfplumber_text,false,true,COLUMN_ALIGNMENT_UNCERTAIN;DUPLICATE_UNIQUE_KEY
2025-26,FE,3,MH,01002,"Government College of Engineering, Amravati",0100237210,Electronics and Telecommunication Engg,Government Autonomous,,STATE,GOPENS,OPEN,GENERAL,STATE,I,,14271,,95.9185080,FE_2025_CAP3_MH.pdf,2,pdfplumber_text,false,false,
2025-26,FE,3,MH,01002,"Government College of Engineering, Amravati",0100237210,Electronics and Telecommunication Engg,Government Autonomous,,STATE,GSTS,ST,GENERAL,STATE,I,,65065,,80.0000000,FE_2025_CAP3_MH.pdf,2,pdfplumber_text,false,false,
2025-26,FE,3,MH,01002,"Government College of Engineering, Amravati",0100237210,Electronics and Telecommunication Engg,Government Autonomous,,STATE,GOBCS,OBC,GENERAL,STATE,I,,16933,,95.1095384,FE_2025_CAP3_MH.pdf,2,pdfplumber_text,false,false,
2025-26,FE,3,MH,01002,"Government College of Engineering, Amravati",0100237210,Electronics and Telecommunication Engg,Government Autonomous,,STATE,GSEBCS,SEBC,GENERAL,STATE,I,,33196,,90.1729075,FE_2025_CAP3_MH.pdf,2,pdfplumber_text,false,false,
2025-26,FE,3,MH,01002,"Government College of Engineering, Amravati",0100237210,Electronics and Telecommunication Engg,Government Autonomous,,STATE,TFWS,TFWS,SPECIAL,STATE,I,,15807,,95.4261304,FE_2025_CAP3_MH.pdf,2,pdfplumber_text,false,false,
2025-26,FE,3,MH,01002,"Government College of Engineering, Amravati",0100237210,Electronics and Telecommunication Engg,Government Autonomous,,STATE,DEFRSEBCS,SEBC,SPECIAL,STATE,I,,96522,,68.9620341,FE_2025_CAP3_MH.pdf,2,pdfplumber_text,false,false,
2025-26,FE,3,MH,01002,"Government College of Engineering, Amravati",0100246610,Instrumentation Engineering,Government Autonomous,,STATE,GOPENS,OPEN,GENERAL,STATE,I,,36139,,89.2945239,FE_2025_CAP3_MH.pdf,2,pdfplumber_text,false,true,COLUMN_ALIGNMENT_UNCERTAIN
2025-26,FE,3,MH,01002,"Government College of Engineering, Amravati",0100246610,Instrumentation Engineering,Government Autonomous,,STATE,GVJS,VJ,GENERAL,STATE,I,,72602,,77.5384615,FE_2025_CAP3_MH.pdf,2,pdfplumber_text,false,true,COLUMN_ALIGNMENT_UNCERTAIN
2025-26,FE,3,MH,01002,"Government College of Engineering, Amravati",0100246610,Instrumentation Engineering,Government Autonomous,,STATE,GOBCS,OBC,GENERAL,STATE,I,,41730,,87.6322867,FE_2025_CAP3_MH.pdf,2,pdfplumber_text,false,true,COLUMN_ALIGNMENT_UNCERTAIN
2025-26,FE,3,MH,01002,"Government College of Engineering, Amravati",0100246610,Instrumentation Engineering,Government Autonomous,,STATE,PWDOPENS,OPEN,SPECIAL,STATE,I,,43334,,87.1376478,FE_2025_CAP3_MH.pdf,2,pdfplumber_text,false,true,COLUMN_ALIGNMENT_UNCERTAIN
2025-26,FE,3,MH,01002,"Government College of Engineering, Amravati",0100246610,Instrumentation Engineering,Government Autonomous,,STATE,DEFOPENS,OPEN,SPECIAL,STATE,I,,104736,,65.6307130,FE_2025_CAP3_MH.pdf,2,pdfplumber_text,false,true,COLUMN_ALIGNMENT_UNCERTAIN
2025-26,FE,3,MH,01002,"Government College of Engineering, Amravati",0100246610,Instrumentation Engineering,Government Autonomous,,STATE,GOPENS,OPEN,GENERAL,STATE,I-Non,,41794,,87.6322867,FE_2025_CAP3_MH.pdf,2,pdfplumber_text,false,true,COLUMN_ALIGNMENT_UNCERTAIN;DUPLICATE_UNIQUE_KEY
2025-26,FE,3,MH,01002,"Government College of Engineering, Amravati",0100246610,Instrumentation Engineering,Government Autonomous,,STATE,GOPENS,OPEN,GENERAL,STATE,I-Non,,39414,,88.3176594,FE_2025_CAP3_MH.pdf,2,pdfplumber_text,false,true,COLUMN_ALIGNMENT_UNCERTAIN;DUPLICATE_UNIQUE_KEY
2025-26,FE,3,MH,01002,"Government College of Engineering, Amravati",0100261210,Mechanical Engineering,Government Autonomous,,STATE,GOPENS,OPEN,GENERAL,STATE,I,,26387,,92.2706158,FE_2025_CAP3_MH.pdf,2,pdfplumber_text,false,false,
2025-26,FE,3,MH,01002,"Government College of Engineering, Amravati",0100261210,Mechanical Engineering,Government Autonomous,,STATE,GSTS,ST,GENERAL,STATE,I,,85674,,73.1347962,FE_2025_CAP3_MH.pdf,2,pdfplumber_text,false,false,
2025-26,FE,3,MH,01002,"Government College of Engineering, Amravati",0100261210,Mechanical Engineering,Government Autonomous,,STATE,GNT1S,NT1,GENERAL,STATE,I,,35310,,89.6391842,FE_2025_CAP3_MH.pdf,2,pdfplumber_text,false,false,
2025-26,FE,3,MH,01002,"Government College of Engineering, Amravati",0100261210,Mechanical Engineering,Government Autonomous,,STATE,GNT3S,NT3,GENERAL,STATE,I,,49949,,85.0571556,FE_2025_CAP3_MH.pdf,2,pdfplumber_text,false,false,
2025-26,FE,3,MH,01002,"Government College of Engineering, Amravati",0100261210,Mechanical Engineering,Government Autonomous,,STATE,GOBCS,OBC,GENERAL,STATE,I,,32705,,90.4110066,FE_2025_CAP3_MH.pdf,2,pdfplumber_text,false,false,
2025-26,FE,3,MH,01002,"Government College of Engineering, Amravati",0100261210,Mechanical Engineering,Government Autonomous,,STATE,LOPENS,OPEN,LADIES,STATE,I,,28486,,91.6995640,FE_2025_CAP3_MH.pdf,2,pdfplumber_text,false,false,
2025-26,FE,3,MH,01002,"Government College of Engineering, Amravati",0100261210,Mechanical Engineering,Government Autonomous,,STATE,LNT2S,NT2,LADIES,STATE,I,,70691,,78.4242636,FE_2025_CAP3_MH.pdf,2,pdfplumber_text,false,false,
2025-26,FE,3,MH,01002,"Government College of Engineering, Amravati",0100261210,Mechanical Engineering,Government Autonomous,,STATE,TFWS,TFWS,SPECIAL,STATE,I,,36832,,89.1476381,FE_2025_CAP3_MH.pdf,2,pdfplumber_text,false,false,
2025-26,FE,3,MH,01002,"Government College of Engineering, Amravati",0100261210,Mechanical Engineering,Government Autonomous,,STATE,EWS,EWS,SPECIAL,STATE,I,,81885,,74.0630785,FE_2025_CAP3_MH.pdf,2,pdfplumber_text,false,false,
2025-26,FE,3,MH,01005,"Sant Gadge Baba Amravati University,Amravati",0100550310,Food Technology,University Department,,HOME,GOBCH,OBC,GENERAL,HOME,I,,61965,,82.4696038,FE_2025_CAP3_MH.pdf,3,pdfplumber_text,false,false,
2025-26,FE,3,MH,01005,"Sant Gadge Baba Amravati University,Amravati",0100550310,Food Technology,University Department,,HOME,LOBCH,OBC,LADIES,HOME,I,,56460,,84.3005134,FE_2025_CAP3_MH.pdf,3,pdfplumber_text,false,false,
2025-26,FE,3,MH,01005,"Sant Gadge Baba Amravati University,Amravati",0100550310,Food Technology,University Department,,OTHER,GOPENO,OPEN,GENERAL,OTHER,I,,30155,,91.7720943,FE_2025_CAP3_MH.pdf,3,pdfplumber_text,false,false,
2025-26,FE,3,MH,01005,"Sant Gadge Baba Amravati University,Amravati",0100550310,Food Technology,University Department,,OTHER,GSCO,SC,GENERAL,OTHER,I,,36428,,90.0233934,FE_2025_CAP3_MH.pdf,3,pdfplumber_text,false,false,
2025-26,FE,3,MH,01005,"Sant Gadge Baba Amravati University,Amravati",0100550310,Food Technology,University Department,,OTHER,GNT1O,NT1,GENERAL,OTHER,I,,97708,,70.9247292,FE_2025_CAP3_MH.pdf,3,pdfplumber_text,false,false,
2025-26,FE,3,MH,01005,"Sant Gadge Baba Amravati University,Amravati",0100550310,Food Technology,University Department,,OTHER,GSEBCO,SEBC,GENERAL,OTHER,I,,100151,,70.0246042,FE_2025_CAP3_MH.pdf,3,pdfplumber_text,false,false,
2025-26,FE,3,MH,01005,"Sant Gadge Baba Amravati University,Amravati",0100551710,Oil and Paints Technology,University Department,,HOME,GSCH,SC,GENERAL,HOME,I,,200043,,4.7274462,FE_2025_CAP3_MH.pdf,3,pdfplumber_text,false,true,COLUMN_ALIGNMENT_UNCERTAIN
2025-26,FE,3,MH,01005,"Sant Gadge Baba Amravati University,Amravati",0100551710,Oil and Paints Technology,University Department,,HOME,GVJH,VJ,GENERAL,HOME,I,,134585,,51.5716400,FE_2025_CAP3_MH.pdf,3,pdfplumber_text,false,true,COLUMN_ALIGNMENT_UNCERTAIN
2025-26,FE,3,MH,01005,"Sant Gadge Baba Amravati University,Amravati",0100551710,Oil and Paints Technology,University Department,,HOME,GSCH,SC,GENERAL,HOME,VII,,150631,,43.0314730,FE_2025_CAP3_MH.pdf,3,pdfplumber_text,false,true,COLUMN_ALIGNMENT_UNCERTAIN;DUPLICATE_UNIQUE_KEY
2025-26,FE,3,MH,01005,"Sant Gadge Baba Amravati University,Amravati",0100551710,Oil and Paints Technology,University Department,,HOME,GVJH,VJ,GENERAL,HOME,VII,,196887,,7.9877752,FE_2025_CAP3_MH.pdf,3,pdfplumber_text,false,true,COLUMN_ALIGNMENT_UNCERTAIN;DUPLICATE_UNIQUE_KEY
2025-26,FE,3,MH,01005,"Sant Gadge Baba Amravati University,Amravati",0100551710,Oil and Paints Technology,University Department,,HOME,GOBCH,OBC,GENERAL,HOME,VII,,157446,,39.2328654,FE_2025_CAP3_MH.pdf,3,pdfplumber_text,false,true,COLUMN_ALIGNMENT_UNCERTAIN
2025-26,FE,3,MH,01005,"Sant Gadge Baba Amravati University,Amravati",0100551710,Oil and Paints Technology,University Department,,OTHER,GOPENO,OPEN,GENERAL,OTHER,I,,81826,,74.0630785,FE_2025_CAP3_MH.pdf,3,pdfplumber_text,false,true,COLUMN_ALIGNMENT_UNCERTAIN
2025-26,FE,3,MH,01005,"Sant Gadge Baba Amravati University,Amravati",0100551710,Oil and Paints Technology,University Department,,OTHER,GSTO,ST,GENERAL,OTHER,I,,112562,,62.1365556,FE_2025_CAP3_MH.pdf,3,pdfplumber_text,false,true,COLUMN_ALIGNMENT_UNCERTAIN
2025-26,FE,3,MH,01005,"Sant Gadge Baba Amravati University,Amravati",0100551710,Oil and Paints Technology,University Department,,OTHER,GOPENO,OPEN,GENERAL,OTHER,VII,,127111,,55.2744499,FE_2025_CAP3_MH.pdf,3,pdfplumber_text,false,true,COLUMN_ALIGNMENT_UNCERTAIN;DUPLICATE_UNIQUE_KEY
2025-26,FE,3,MH,01005,"Sant Gadge Baba Amravati University,Amravati",0100552410,Paper and Pulp Technology,University Department,,HOME,GOPENH,OPEN,GENERAL,HOME,I,,152507,,42.2674623,FE_2025_CAP3_MH.pdf,4,pdfplumber_text,false,false,
2025-26,FE,3,MH,01005,"Sant Gadge Baba Amravati University,Amravati",0100552410,Paper and Pulp Technology,University Department,,HOME,LOPENH,OPEN,LADIES,HOME,I,,180133,,22.8214173,FE_2025_CAP3_MH.pdf,4,pdfplumber_text,false,false,
2025-26,FE,3,MH,01005,"Sant Gadge Baba Amravati University,Amravati",0100552410,Paper and Pulp Technology,University Department,,HOME,GOPENH,OPEN,GENERAL,HOME,I,,203123,,0.9371709,FE_2025_CAP3_MH.pdf,4,pdfplumber_text,false,true,DUPLICATE_UNIQUE_KEY
2025-26,FE,3,MH,01005,"Sant Gadge Baba Amravati University,Amravati",0100552410,Paper and Pulp Technology,University Department,,OTHER,GOPENO,OPEN,GENERAL,OTHER,I,,189373,,15.3499592,FE_2025_CAP3_MH.pdf,4,pdfplumber_text,false,false,
2025-26,FE,3,MH,01005,"Sant Gadge Baba Amravati University,Amravati",0100552710,Petro Chemical Engineering,University Department,,HOME,GOPENH,OPEN,GENERAL,HOME,I,,141682,,47.8015007,FE_2025_CAP3_MH.pdf,4,pdfplumber_text,false,true,COLUMN_ALIGNMENT_UNCERTAIN
2025-26,FE,3,MH,01005,"Sant Gadge Baba Amravati University,Amravati",0100552710,Petro Chemical Engineering,University Department,,HOME,GSCH,SC,GENERAL,HOME,I,,167133,,32.3446384,FE_2025_CAP3_MH.pdf,4,pdfplumber_text,false,true,COLUMN_ALIGNMENT_UNCERTAIN
2025-26,FE,3,MH,01005,"Sant Gadge Baba Amravati University,Amravati",0100552710,Petro Chemical Engineering,University Department,,HOME,GOBCH,OBC,GENERAL,HOME,I,,162429,,35.9295868,FE_2025_CAP3_MH.pdf,4,pdfplumber_text,false,true,COLUMN_ALIGNMENT_UNCERTAIN
2025-26,FE,3,MH,01005,"Sant Gadge Baba Amravati University,Amravati",0100552710,Petro Chemical Engineering,University Department,,HOME,GSEBCH,SEBC,GENERAL,HOME,I,,62209,,81.1295102,FE_2025_CAP3_MH.pdf,4,pdfplumber_text,false,true,COLUMN_ALIGNMENT_UNCERTAIN
2025-26,FE,3,MH,01005,"Sant Gadge Baba Amravati University,Amravati",0100552710,Petro Chemical Engineering,University Department,,HOME,GOPENH,OPEN,GENERAL,HOME,VII,,176242,,25.5643537,FE_2025_CAP3_MH.pdf,4,pdfplumber_text,false,true,COLUMN_ALIGNMENT_UNCERTAIN;DUPLICATE_UNIQUE_KEY
2025-26,FE,3,MH,01012,"Government College of Engineering,Yavatmal",0101219110,Civil Engineering,Government,Sant Gadge Baba Amravati University,HOME,GOPENH,OPEN,GENERAL,HOME,I,,93852,,69.8941051,FE_2025_CAP3_MH.pdf,5,pdfplumber_text,false,true,COLUMN_ALIGNMENT_UNCERTAIN
2025-26,FE,3,MH,01012,"Government College of Engineering,Yavatmal",0101219110,Civil Engineering,Government,Sant Gadge Baba Amravati University,HOME,GSCH,SC,GENERAL,HOME,I,,106305,,64.7148712,FE_2025_CAP3_MH.pdf,5,pdfplumber_text,false,true,COLUMN_ALIGNMENT_UNCERTAIN
2025-26,FE,3,MH,01012,"Government College of Engineering,Yavatmal",0101219110,Civil Engineering,Government,Sant Gadge Baba Amravati University,HOME,GVJH,VJ,GENERAL,HOME,I,,102744,,66.2972028,FE_2025_CAP3_MH.pdf,5,pdfplumber_text,false,true,COLUMN_ALIGNMENT_UNCERTAIN
2025-26,FE,3,MH,01012,"Government College of Engineering,Yavatmal",0101219110,Civil Engineering,Government,Sant Gadge Baba Amravati University,HOME,GNT3H,NT3,GENERAL,HOME,I,,140318,,49.1540892,FE_2025_CAP3_MH.pdf,5,pdfplumber_text,false,true,COLUMN_ALIGNMENT_UNCERTAIN
2025-26,FE,3,MH,01012,"Government College of Engineering,Yavatmal",0101219110,Civil Engineering,Government,Sant Gadge Baba Amravati University,HOME,GOBCH,OBC,GENERAL,HOME,I,,110571,,63.2000580,FE_2025_CAP3_MH.pdf,5,pdfplumber_text,false,true,COLUMN_ALIGNMENT_UNCERTAIN
2025-26,FE,3,MH,01012,"Government College of Engineering,Yavatmal",0101219110,Civil Engineering,Government,Sant Gadge Baba Amravati University,HOME,GSEBCH,SEBC,GENERAL,HOME,I,,201943,,2.5131625,FE_2025_CAP3_MH.pdf,5,pdfplumber_text,false,true,COLUMN_ALIGNMENT_UNCERTAIN
2025-26,FE,3,MH,01012,"Government College of Engineering,Yavatmal",0101219110,Civil Engineering,Government,Sant Gadge Baba Amravati University,HOME,LOPENH,OPEN,LADIES,HOME,I,,99478,,67.8236662,FE_2025_CAP3_MH.pdf,5,pdfplumber_text,false,true,COLUMN_ALIGNMENT_UNCERTAIN
2025-26,FE,3,MH,01012,"Government College of Engineering,Yavatmal",0101219110,Civil Engineering,Government,Sant Gadge Baba Amravati University,HOME,LNT1H,NT1,LADIES,HOME,I,,131452,,53.2657343,FE_2025_CAP3_MH.pdf,5,pdfplumber_text,false,true,COLUMN_ALIGNMENT_UNCERTAIN
2025-26,FE,3,MH,01012,"Government College of Engineering,Yavatmal",0101219110,Civil Engineering,Government,Sant Gadge Baba Amravati University,HOME,GOPENH,OPEN,GENERAL,HOME,II,,138179,,49.7291102,FE_2025_CAP3_MH.pdf,5,pdfplumber_text,false,true,COLUMN_ALIGNMENT_UNCERTAIN;DUPLICATE_UNIQUE_KEY
2025-26,FE,3,MH,01012,"Government College of Engineering,Yavatmal",0101219110,Civil Engineering,Government,Sant Gadge Baba Amravati University,HOME,GOPENH,OPEN,GENERAL,HOME,I-Non,,93902,,69.8498837,FE_2025_CAP3_MH.pdf,5,pdfplumber_text,false,true,COLUMN_ALIGNMENT_UNCERTAIN;DUPLICATE_UNIQUE_KEY
2025-26,FE,3,MH,01012,"Government College of Engineering,Yavatmal",0101219110,Civil Engineering,Government,Sant Gadge Baba Amravati University,HOME,GSCH,SC,GENERAL,HOME,I-Non,,108792,,63.5767823,FE_2025_CAP3_MH.pdf,5,pdfplumber_text,false,true,COLUMN_ALIGNMENT_UNCERTAIN;DUPLICATE_UNIQUE_KEY
2025-26,FE,3,MH,01012,"Government College of Engineering,Yavatmal",0101219110,Civil Engineering,Government,Sant Gadge Baba Amravati University,OTHER,GOPENO,OPEN,GENERAL,OTHER,I,,61363,,81.3270637,FE_2025_CAP3_MH.pdf,5,pdfplumber_text,false,true,COLUMN_ALIGNMENT_UNCERTAIN
2025-26,FE,3,MH,01012,"Government College of Engineering,Yavatmal",0101219110,Civil Engineering,Government,Sant Gadge Baba Amravati University,OTHER,GSCO,SC,GENERAL,OTHER,I,,105291,,65.5190641,FE_2025_CAP3_MH.pdf,5,pdfplumber_text,false,true,COLUMN_ALIGNMENT_UNCERTAIN
2025-26,FE,3,MH,01012,"Government College of Engineering,Yavatmal",0101219110,Civil Engineering,Government,Sant Gadge Baba Amravati University,OTHER,GNT2O,NT2,GENERAL,OTHER,I,,111322,,62.8632493,FE_2025_CAP3_MH.pdf,5,pdfplumber_text,false,true,COLUMN_ALIGNMENT_UNCERTAIN
2025-26,FE,3,MH,01012,"Government College of Engineering,Yavatmal",0101219110,Civil Engineering,Government,Sant Gadge Baba Amravati University,OTHER,GSEBCO,SEBC,GENERAL,OTHER,I,,90944,,71.0971787,FE_2025_CAP3_MH.pdf,5,pdfplumber_text,false,true,COLUMN_ALIGNMENT_UNCERTAIN
2025-26,FE,3,MH,01012,"Government College of Engineering,Yavatmal",0101219110,Civil Engineering,Government,Sant Gadge Baba Amravati University,OTHER,GOPENO,OPEN,GENERAL,OTHER,II,,159287,,37.6293706,FE_2025_CAP3_MH.pdf,5,pdfplumber_text,false,true,COLUMN_ALIGNMENT_UNCERTAIN;DUPLICATE_UNIQUE_KEY
2025-26,FE,3,MH,01012,"Government College of Engineering,Yavatmal",0101219110,Civil Engineering,Government,Sant Gadge Baba Amravati University,STATE,TFWS,TFWS,SPECIAL,STATE,I,,95093,,69.3295893,FE_2025_CAP3_MH.pdf,5,pdfplumber_text,false,false,
2025-26,FE,3,MH,01012,"Government College of Engineering,Yavatmal",0101219110,Civil Engineering,Government,Sant Gadge Baba Amravati University,STATE,EWS,EWS,SPECIAL,STATE,I,,190882,,13.9047479,FE_2025_CAP3_MH.pdf,5,pdfplumber_text,false,false,
2025-26,FE,3,MH,01012,"Government College of Engineering,Yavatmal",0101224510,Computer Engineering,Government,Sant Gadge Baba Amravati University,HOME,GOPENH,OPEN,GENERAL,HOME,I,,47359,,85.9011570,FE_2025_CAP3_MH.pdf,6,pdfplumber_text,false,true,COLUMN_ALIGNMENT_UNCERTAIN
2025-26,FE,3,MH,01012,"Government College of Engineering,Yavatmal",0101224510,Computer Engineering,Government,Sant Gadge Baba Amravati University,HOME,GSCH,SC,GENERAL,HOME,I,,56585,,82.8811189,FE_2025_CAP3_MH.pdf,6,pdfplumber_text,false,true,COLUMN_ALIGNMENT_UNCERTAIN
2025-26,FE,3,MH,01012,"Government College of Engineering,Yavatmal",0101224510,Computer Engineering,Government,Sant Gadge Baba Amravati University,HOME,GVJH,VJ,GENERAL,HOME,I,,71846,,78.1688442,FE_2025_CAP3_MH.pdf,6,pdfplumber_text,false,true,COLUMN_ALIGNMENT_UNCERTAIN
2025-26,FE,3,MH,01012,"Government College of Engineering,Yavatmal",0101224510,Computer Engineering,Government,Sant Gadge Baba Amravati University,HOME,GNT2H,NT2,GENERAL,HOME,I,,68324,,79.0279720,FE_2025_CAP3_MH.pdf,6,pdfplumber_text,false,true,COLUMN_ALIGNMENT_UNCERTAIN
2025-26,FE,3,MH,01012,"Government College of Engineering,Yavatmal",0101224510,Computer Engineering,Government,Sant Gadge Baba Amravati University,HOME,GOBCH,OBC,GENERAL,HOME,I,,55537,,83.2103258,FE_2025_CAP3_MH.pdf,6,pdfplumber_text,false,true,COLUMN_ALIGNMENT_UNCERTAIN
2025-26,FE,3,MH,01012,"Government College of Engineering,Yavatmal",0101224510,Computer Engineering,Government,Sant Gadge Baba Amravati University,HOME,GSEBCH,SEBC,GENERAL,HOME,I,,60109,,81.8021201,FE_2025_CAP3_MH.pdf,6,pdfplumber_text,false,true,COLUMN_ALIGNMENT_UNCERTAIN
2025-26,FE,3,MH,01012,"Government College of Engineering,Yavatmal",0101224510,Computer Engineering,Government,Sant Gadge Baba Amravati University,HOME,LOPENH,OPEN,LADIES,HOME,I,,53625,,83.9020979,FE_2025_CAP3_MH.pdf,6,pdfplumber_text,false,true,COLUMN_ALIGNMENT_UNCERTAIN
2025-26,FE,3,MH,01012,"Government College of Engineering,Yavatmal",0101224510,Computer Engineering,Government,Sant Gadge Baba Amravati University,HOME,LOBCH,OBC,LADIES,HOME,I,,65315,,79.9894700,FE_2025_CAP3_MH.pdf,6,pdfplumber_text,false,true,COLUMN_ALIGNMENT_UNCERTAIN
2025-26,FE,3,MH,01012,"Government College of Engineering,Yavatmal",0101224510,Computer Engineering,Government,Sant Gadge Baba Amravati University,HOME,GOPENH,OPEN,GENERAL,HOME,I-Non,,53222,,84.0359888,FE_2025_CAP3_MH.pdf,6,pdfplumber_text,false,true,COLUMN_ALIGNMENT_UNCERTAIN;DUPLICATE_UNIQUE_KEY
2025-26,FE,3,MH,01012,"Government College of Engineering,Yavatmal",0101224510,Computer Engineering,Government,Sant Gadge Baba Amravati University,OTHER,GOPENO,OPEN,GENERAL,OTHER,I,,25397,,92.5853623,FE_2025_CAP3_MH.pdf,6,pdfplumber_text,false,false,
2025-26,FE,3,MH,01012,"Government College of Engineering,Yavatmal",0101224510,Computer Engineering,Government,Sant Gadge Baba Amravati University,OTHER,GSCO,SC,GENERAL,OTHER,I,,54945,,83.4741816,FE_2025_CAP3_MH.pdf,6,pdfplumber_text,false,false,
2025-26,FE,3,MH,01012,"Government College of Engineering,Yavatmal",0101224510,Computer Engineering,Government,Sant Gadge Baba Amravati University,OTHER,GOBCO,OBC,GENERAL,OTHER,I,,40958,,87.9235179,FE_2025_CAP3_MH.pdf,6,pdfplumber_text,false,false,
2025-26,FE,3,MH,01012,"Government College of Engineering,Yavatmal",0101224510,Computer Engineering,Government,Sant Gadge Baba Amravati University,OTHER,GSEBCO,SEBC,GENERAL,OTHER,I,,48787,,85.4112341,FE_2025_CAP3_MH.pdf,6,pdfplumber_text,false,false,
2025-26,FE,3,MH,01012,"Government College of Engineering,Yavatmal",0101224510,Computer Engineering,Government,Sant Gadge Baba Amravati University,OTHER,LOPENO,OPEN,LADIES,OTHER,I,,27702,,91.8738016,FE_2025_CAP3_MH.pdf,6,pdfplumber_text,false,false,
2025-26,FE,3,MH,01012,"Government College of Engineering,Yavatmal",0101224510,Computer Engineering,Government,Sant Gadge Baba Amravati University,OTHER,LSCO,SC,LADIES,OTHER,I,,78475,,75.4880541,FE_2025_CAP3_MH.pdf,6,pdfplumber_text,false,false,
2025-26,FE,3,MH,01012,"Government College of Engineering,Yavatmal",0101224510,Computer Engineering,Government,Sant Gadge Baba Amravati University,OTHER,LOBCO,OBC,LADIES,OTHER,I,,33477,,90.1551333,FE_2025_CAP3_MH.pdf,6,pdfplumber_text,false,false,
2025-26,FE,3,MH,01012,"Government College of Engineering,Yavatmal",0101224510,Computer Engineering,Government,Sant Gadge Baba Amravati University,OTHER,LSEBCO,SEBC,LADIES,OTHER,I,,93398,,70.2033567,FE_2025_CAP3_MH.pdf,6,pdfplumber_text,false,false,
2025-26,FE,3,MH,01012,"Government College of Engineering,Yavatmal",0101224510,Computer Engineering,Government,Sant Gadge Baba Amravati University,STATE,TFWS,TFWS,SPECIAL,STATE,I,,37043,,89.1256809,FE_2025_CAP3_MH.pdf,6,pdfplumber_text,false,false,
2025-26,FE,3,MH,01012,"Government College of Engineering,Yavatmal",0101224510,Computer Engineering,Government,Sant Gadge Baba Amravati University,STATE,EWS,EWS,SPECIAL,STATE,I,,52225,,84.3296195,FE_2025_CAP3_MH.pdf,6,pdfplumber_text,false,false,
2025-26,FE,3,MH,01012,"Government College of Engineering,Yavatmal",0101229310,Electrical Engineering,Government,Sant Gadge Baba Amravati University,HOME,GOPENH,OPEN,GENERAL,HOME,I,,66482,,79.7185003,FE_2025_CAP3_MH.pdf,7,pdfplumber_text,false,true,COLUMN_ALIGNMENT_UNCERTAIN
2025-26,FE,3,MH,01012,"Government College of Engineering,Yavatmal",0101229310,Electrical Engineering,Government,Sant Gadge Baba Amravati University,HOME,GSCH,SC,GENERAL,HOME,I,,125162,,56.5039753,FE_2025_CAP3_MH.pdf,7,pdfplumber_text,false,true,COLUMN_ALIGNMENT_UNCERTAIN
2025-26,FE,3,MH,01012,"Government College of Engineering,Yavatmal",0101229310,Electrical Engineering,Government,Sant Gadge Baba Amravati University,HOME,GOBCH,OBC,GENERAL,HOME,I,,106823,,64.3871019,FE_2025_CAP3_MH.pdf,7,pdfplumber_text,false,true,COLUMN_ALIGNMENT_UNCERTAIN
2025-26,FE,3,MH,01012,"Government College of Engineering,Yavatmal",0101229310,Electrical Engineering,Government,Sant Gadge Baba Amravati University,HOME,LOPENH,OPEN,LADIES,HOME,I,,87783,,72.1028020,FE_2025_CAP3_MH.pdf,7,pdfplumber_text,false,true,COLUMN_ALIGNMENT_UNCERTAIN
2025-26,FE,3,MH,01012,"Government College of Engineering,Yavatmal",0101229310,Electrical Engineering,Government,Sant Gadge Baba Amravati University,HOME,LOBCH,OBC,LADIES,HOME,I,,99429,,67.8236662,FE_2025_CAP3_MH.pdf,7,pdfplumber_text,false,true,COLUMN_ALIGNMENT_UNCERTAIN
2025-26,FE,3,MH,01012,"Government College of Engineering,Yavatmal",0101229310,Electrical Engineering,Government,Sant Gadge Baba Amravati University,HOME,GOPENH,OPEN,GENERAL,HOME,II,,116300,,60.4378874,FE_2025_CAP3_MH.pdf,7,pdfplumber_text,false,true,COLUMN_ALIGNMENT_UNCERTAIN;DUPLICATE_UNIQUE_KEY
2025-26,FE,3,MH,01012,"Government College of Engineering,Yavatmal",0101229310,Electrical Engineering,Government,Sant Gadge Baba Amravati University,HOME,GOPENH,OPEN,GENERAL,HOME,I-Non,,99519,,67.8236662,FE_2025_CAP3_MH.pdf,7,pdfplumber_text,false,true,COLUMN_ALIGNMENT_UNCERTAIN;DUPLICATE_UNIQUE_KEY
2025-26,FE,3,MH,01012,"Government College of Engineering,Yavatmal",0101229310,Electrical Engineering,Government,Sant Gadge Baba Amravati University,OTHER,GOPENO,OPEN,GENERAL,OTHER,I,,67396,,79.6033896,FE_2025_CAP3_MH.pdf,7,pdfplumber_text,false,false,
2025-26,FE,3,MH,01012,"Government College of Engineering,Yavatmal",0101229310,Electrical Engineering,Government,Sant Gadge Baba Amravati University,OTHER,GVJO,VJ,GENERAL,OTHER,I,,125459,,56.2929777,FE_2025_CAP3_MH.pdf,7,pdfplumber_text,false,false,
2025-26,FE,3,MH,01012,"Government College of Engineering,Yavatmal",0101229310,Electrical Engineering,Government,Sant Gadge Baba Amravati University,OTHER,GNT2O,NT2,GENERAL,OTHER,I,,81939,,74.0630785,FE_2025_CAP3_MH.pdf,7,pdfplumber_text,false,false,
2025-26,FE,3,MH,01012,"Government College of Engineering,Yavatmal",0101229310,Electrical Engineering,Government,Sant Gadge Baba Amravati University,OTHER,GOBCO,OBC,GENERAL,OTHER,I,,70629,,78.4242636,FE_2025_CAP3_MH.pdf,7,pdfplumber_text,false,false,
2025-26,FE,3,MH,01012,"Government College of Engineering,Yavatmal",0101229310,Electrical Engineering,Government,Sant Gadge Baba Amravati University,OTHER,GSEBCO,SEBC,GENERAL,OTHER,I,,84250,,73.5570613,FE_2025_CAP3_MH.pdf,7,pdfplumber_text,false,false,
2025-26,FE,3,MH,01012,"Government College of Engineering,Yavatmal",0101229310,Electrical Engineering,Government,Sant Gadge Baba Amravati University,OTHER,LOPENO,OPEN,LADIES,OTHER,I,,53947,,83.7934335,FE_2025_CAP3_MH.pdf,7,pdfplumber_text,false,false,
2025-26,FE,3,MH,01012,"Government College of Engineering,Yavatmal",0101229310,Electrical Engineering,Government,Sant Gadge Baba Amravati University,OTHER,LOBCO,OBC,LADIES,OTHER,I,,69186,,78.6167398,FE_2025_CAP3_MH.pdf,7,pdfplumber_text,false,false,
2025-26,FE,3,MH,01012,"Government College of Engineering,Yavatmal",0101229310,Electrical Engineering,Government,Sant Gadge Baba Amravati University,STATE,DEFOPENS,OPEN,SPECIAL,STATE,I,,88866,,71.6607627,FE_2025_CAP3_MH.pdf,7,pdfplumber_text,false,true,COLUMN_ALIGNMENT_UNCERTAIN
2025-26,FE,3,MH,01012,"Government College of Engineering,Yavatmal",0101229310,Electrical Engineering,Government,Sant Gadge Baba Amravati University,STATE,DEFOPENS,OPEN,SPECIAL,STATE,I-Non,,70213,,78.5512207,FE_2025_CAP3_MH.pdf,7,pdfplumber_text,false,true,COLUMN_ALIGNMENT_UNCERTAIN;DUPLICATE_UNIQUE_KEY
2025-26,FE,3,MH,01012,"Government College of Engineering,Yavatmal",0101229310,Electrical Engineering,Government,Sant Gadge Baba Amravati University,STATE,DEFOPENS,OPEN,SPECIAL,STATE,VII,,73192,,77.1631566,FE_2025_CAP3_MH.pdf,7,pdfplumber_text,false,true,COLUMN_ALIGNMENT_UNCERTAIN;DUPLICATE_UNIQUE_KEY
2025-26,FE,3,MH,01012,"Government College of Engineering,Yavatmal",0101237210,Electronics and Telecommunication Engg,Government,Sant Gadge Baba Amravati University,HOME,GOPENH,OPEN,GENERAL,HOME,I,,69456,,78.6137148,FE_2025_CAP3_MH.pdf,8,pdfplumber_text,false,true,COLUMN_ALIGNMENT_UNCERTAIN
2025-26,FE,3,MH,01012,"Government College of Engineering,Yavatmal",0101237210,Electronics and Telecommunication Engg,Government,Sant Gadge Baba Amravati University,HOME,GSCH,SC,GENERAL,HOME,I,,97939,,68.3753318,FE_2025_CAP3_MH.pdf,8,pdfplumber_text,false,true,COLUMN_ALIGNMENT_UNCERTAIN
2025-26,FE,3,MH,01012,"Government College of Engineering,Yavatmal",0101237210,Electronics and Telecommunication Engg,Government,Sant Gadge Baba Amravati University,HOME,GNT1H,NT1,GENERAL,HOME,I,,121762,,57.8195751,FE_2025_CAP3_MH.pdf,8,pdfplumber_text,false,true,COLUMN_ALIGNMENT_UNCERTAIN
2025-26,FE,3,MH,01012,"Government College of Engineering,Yavatmal",0101237210,Electronics and Telecommunication Engg,Government,Sant Gadge Baba Amravati University,HOME,GNT2H,NT2,GENERAL,HOME,I,,97186,,68.4887011,FE_2025_CAP3_MH.pdf,8,pdfplumber_text,false,true,COLUMN_ALIGNMENT_UNCERTAIN
2025-26,FE,3,MH,01012,"Government College of Engineering,Yavatmal",0101237210,Electronics and Telecommunication Engg,Government,Sant Gadge Baba Amravati University,HOME,GOBCH,OBC,GENERAL,HOME,I,,81515,,74.5404987,FE_2025_CAP3_MH.pdf,8,pdfplumber_text,false,true,COLUMN_ALIGNMENT_UNCERTAIN
2025-26,FE,3,MH,01012,"Government College of Engineering,Yavatmal",0101237210,Electronics and Telecommunication Engg,Government,Sant Gadge Baba Amravati University,HOME,GSEBCH,SEBC,GENERAL,HOME,I,,195138,,9.8110718,FE_2025_CAP3_MH.pdf,8,pdfplumber_text,false,true,COLUMN_ALIGNMENT_UNCERTAIN
2025-26,FE,3,MH,01012,"Government College of Engineering,Yavatmal",0101237210,Electronics and Telecommunication Engg,Government,Sant Gadge Baba Amravati University,HOME,LOPENH,OPEN,LADIES,HOME,I,,77276,,75.6538462,FE_2025_CAP3_MH.pdf,8,pdfplumber_text,false,true,COLUMN_ALIGNMENT_UNCERTAIN
2025-26,FE,3,MH,01012,"Government College of Engineering,Yavatmal",0101237210,Electronics and Telecommunication Engg,Government,Sant Gadge Baba Amravati University,HOME,LSTH,ST,LADIES,HOME,I,,83870,,73.6159498,FE_2025_CAP3_MH.pdf,8,pdfplumber_text,false,true,COLUMN_ALIGNMENT_UNCERTAIN
2025-26,FE,3,MH,01012,"Government College of Engineering,Yavatmal",0101237210,Electronics and Telecommunication Engg,Government,Sant Gadge Baba Amravati University,HOME,LOBCH,OBC,LADIES,HOME,I,,191070,,13.6137728,FE_2025_CAP3_MH.pdf,8,pdfplumber_text,false,true,COLUMN_ALIGNMENT_UNCERTAIN
2025-26,FE,3,MH,01012,"Government College of Engineering,Yavatmal",0101237210,Electronics and Telecommunication Engg,Government,Sant Gadge Baba Amravati University,HOME,GOPENH,OPEN,GENERAL,HOME,I-Non,,81037,,74.9785452,FE_2025_CAP3_MH.pdf,8,pdfplumber_text,false,true,COLUMN_ALIGNMENT_UNCERTAIN;DUPLICATE_UNIQUE_KEY
2025-26,FE,3,MH,01012,"Government College of Engineering,Yavatmal",0101237210,Electronics and Telecommunication Engg,Government,Sant Gadge Baba Amravati University,HOME,GOPENH,OPEN,GENERAL,HOME,VII,,81666,,74.5404987,FE_2025_CAP3_MH.pdf,8,pdfplumber_text,false,true,COLUMN_ALIGNMENT_UNCERTAIN;DUPLICATE_UNIQUE_KEY
2025-26,FE,3,MH,01012,"Government College of Engineering,Yavatmal",0101237210,Electronics and Telecommunication Engg,Government,Sant Gadge Baba Amravati University,HOME,PWDOPENH,OPEN,SPECIAL,HOME,I,,198919,,5.9918095,FE_2025_CAP3_MH.pdf,8,pdfplumber_text,false,false,
2025-26,FE,3,MH,01012,"Government College of Engineering,Yavatmal",0101237210,Electronics and Telecommunication Engg,Government,Sant Gadge Baba Amravati University,OTHER,GOPENO,OPEN,GENERAL,OTHER,I,,52140,,84.4752545,FE_2025_CAP3_MH.pdf,8,pdfplumber_text,false,false,
2025-26,FE,3,MH,01012,"Government College of Engineering,Yavatmal",0101237210,Electronics and Telecommunication Engg,Government,Sant Gadge Baba Amravati University,OTHER,GSCO,SC,GENERAL,OTHER,I,,75651,,76.7694659,FE_2025_CAP3_MH.pdf,8,pdfplumber_text,false,false,
2025-26,FE,3,MH,01012,"Government College of Engineering,Yavatmal",0101237210,Electronics and Telecommunication Engg,Government,Sant Gadge Baba Amravati University,OTHER,GNT1O,NT1,GENERAL,OTHER,I,,72296,,77.9513058,FE_2025_CAP3_MH.pdf,8,pdfplumber_text,false,false,
2025-26,FE,3,MH,01012,"Government College of Engineering,Yavatmal",0101237210,Electronics and Telecommunication Engg,Government,Sant Gadge Baba Amravati University,OTHER,GOBCO,OBC,GENERAL,OTHER,I,,54447,,83.7239356,FE_2025_CAP3_MH.pdf,8,pdfplumber_text,false,false,
2025-26,FE,3,MH,01012,"Government College of Engineering,Yavatmal",0101237210,Electronics and Telecommunication Engg,Government,Sant Gadge Baba Amravati University,OTHER,LOPENO,OPEN,LADIES,OTHER,I,,69912,,78.5819586,FE_2025_CAP3_MH.pdf,8,pdfplumber_text,false,false,
2025-26,FE,3,MH,01012,"Government College of Engineering,Yavatmal",0101237210,Electronics and Telecommunication Engg,Government,Sant Gadge Baba Amravati University,OTHER,LSEBCO,SEBC,LADIES,OTHER,I,,119262,,59.1762367,FE_2025_CAP3_MH.pdf,8,pdfplumber_text,false,false,
2025-26,FE,3,MH,01012,"Government College of Engineering,Yavatmal",0101237210,Electronics and Telecommunication Engg,Government,Sant Gadge Baba Amravati University,STATE,DEFOPENS,OPEN,SPECIAL,STATE,I,,65891,,79.9072027,FE_2025_CAP3_MH.pdf,8,pdfplumber_text,false,true,COLUMN_ALIGNMENT_UNCERTAIN
2025-26,FE,3,MH,01012,"Government College of Engineering,Yavatmal",0101237210,Electronics and Telecommunication Engg,Government,Sant Gadge Baba Amravati University,STATE,TFWS,TFWS,SPECIAL,STATE,I,,75438,,76.8955509,FE_2025_CAP3_MH.pdf,8,pdfplumber_text,false,true,COLUMN_ALIGNMENT_UNCERTAIN
2025-26,FE,3,MH,01012,"Government College of Engineering,Yavatmal",0101237210,Electronics and Telecommunication Engg,Government,Sant Gadge Baba Amravati University,STATE,ORPHAN,ORPHAN,SPECIAL,STATE,I,,191349,,13.3124347,FE_2025_CAP3_MH.pdf,8,pdfplumber_text,false,true,COLUMN_ALIGNMENT_UNCERTAIN
2025-26,FE,3,MH,01012,"Government College of Engineering,Yavatmal",0101237210,Electronics and Telecommunication Engg,Government,Sant Gadge Baba Amravati University,STATE,DEFOPENS,OPEN,SPECIAL,STATE,VII,,57864,,82.4521073,FE_2025_CAP3_MH.pdf,8,pdfplumber_text,false,true,COLUMN_ALIGNMENT_UNCERTAIN;DUPLICATE_UNIQUE_KEY
2025-26,FE,3,MH,01012,"Government College of Engineering,Yavatmal",0101261210,Mechanical Engineering,Government,Sant Gadge Baba Amravati University,HOME,GOPENH,OPEN,GENERAL,HOME,I,,108975,,63.5767823,FE_2025_CAP3_MH.pdf,9,pdfplumber_text,false,true,COLUMN_ALIGNMENT_UNCERTAIN
2025-26,FE,3,MH,01012,"Government College of Engineering,Yavatmal",0101261210,Mechanical Engineering,Government,Sant Gadge Baba Amravati University,HOME,GSCH,SC,GENERAL,HOME,I,,123862,,57.0133407,FE_2025_CAP3_MH.pdf,9,pdfplumber_text,false,true,COLUMN_ALIGNMENT_UNCERTAIN
2025-26,FE,3,MH,01012,"Government College of Engineering,Yavatmal",0101261210,Mechanical Engineering,Government,Sant Gadge Baba Amravati University,HOME,GNT3H,NT3,GENERAL,HOME,I,,156581,,39.3601986,FE_2025_CAP3_MH.pdf,9,pdfplumber_text,false,true,COLUMN_ALIGNMENT_UNCERTAIN
2025-26,FE,3,MH,01012,"Government College of Engineering,Yavatmal",0101261210,Mechanical Engineering,Government,Sant Gadge Baba Amravati University,HOME,GOBCH,OBC,GENERAL,HOME,I,,113407,,61.6834321,FE_2025_CAP3_MH.pdf,9,pdfplumber_text,false,true,COLUMN_ALIGNMENT_UNCERTAIN
2025-26,FE,3,MH,01012,"Government College of Engineering,Yavatmal",0101261210,Mechanical Engineering,Government,Sant Gadge Baba Amravati University,HOME,GSEBCH,SEBC,GENERAL,HOME,I,,150536,,43.1964993,FE_2025_CAP3_MH.pdf,9,pdfplumber_text,false,true,COLUMN_ALIGNMENT_UNCERTAIN
2025-26,FE,3,MH,01012,"Government College of Engineering,Yavatmal",0101261210,Mechanical Engineering,Government,Sant Gadge Baba Amravati University,HOME,LOPENH,OPEN,LADIES,HOME,I,,136685,,50.5909012,FE_2025_CAP3_MH.pdf,9,pdfplumber_text,false,true,COLUMN_ALIGNMENT_UNCERTAIN
2025-26,FE,3,MH,01012,"Government College of Engineering,Yavatmal",0101261210,Mechanical Engineering,Government,Sant Gadge Baba Amravati University,HOME,LNT1H,NT1,LADIES,HOME,I,,138767,,49.4020979,FE_2025_CAP3_MH.pdf,9,pdfplumber_text,false,true,COLUMN_ALIGNMENT_UNCERTAIN
2025-26,FE,3,MH,01012,"Government College of Engineering,Yavatmal",0101261210,Mechanical Engineering,Government,Sant Gadge Baba Amravati University,HOME,GOPENH,OPEN,GENERAL,HOME,II,,120939,,58.4401523,FE_2025_CAP3_MH.pdf,9,pdfplumber_text,false,true,COLUMN_ALIGNMENT_UNCERTAIN;DUPLICATE_UNIQUE_KEY
2025-26,FE,3,MH,01012,"Government College of Engineering,Yavatmal",0101261210,Mechanical Engineering,Government,Sant Gadge Baba Amravati University,HOME,GOPENH,OPEN,GENERAL,HOME,I-Non,,102201,,66.3866132,FE_2025_CAP3_MH.pdf,9,pdfplumber_text,false,true,COLUMN_ALIGNMENT_UNCERTAIN;DUPLICATE_UNIQUE_KEY
2025-26,FE,3,MH,01012,"Government College of Engineering,Yavatmal",0101261210,Mechanical Engineering,Government,Sant Gadge Baba Amravati University,OTHER,GOPENO,OPEN,GENERAL,OTHER,I,,94277,,69.4936445,FE_2025_CAP3_MH.pdf,9,pdfplumber_text,false,false,
2025-26,FE,3,MH,01012,"Government College of Engineering,Yavatmal",0101261210,Mechanical Engineering,Government,Sant Gadge Baba Amravati University,OTHER,GSCO,SC,GENERAL,OTHER,I,,118986,,59.1762367,FE_2025_CAP3_MH.pdf,9,pdfplumber_text,false,false,
2025-26,FE,3,MH,01012,"Government College of Engineering,Yavatmal",0101261210,Mechanical Engineering,Government,Sant Gadge Baba Amravati University,OTHER,GOBCO,OBC,GENERAL,OTHER,I,,95336,,69.3295893,FE_2025_CAP3_MH.pdf,9,pdfplumber_text,false,false,
2025-26,FE,3,MH,01012,"Government College of Engineering,Yavatmal",0101261210,Mechanical Engineering,Government,Sant Gadge Baba Amravati University,OTHER,LOPENO,OPEN,LADIES,OTHER,I,,67037,,79.6925092,FE_2025_CAP3_MH.pdf,9,pdfplumber_text,false,false,
2025-26,FE,3,MH,01012,"Government College of Engineering,Yavatmal",0101261210,Mechanical Engineering,Government,Sant Gadge Baba Amravati University,OTHER,LSCO,SC,LADIES,OTHER,I,,199877,,4.8178570,FE_2025_CAP3_MH.pdf,9,pdfplumber_text,false,false,
2025-26,FE,3,MH,01012,"Government College of Engineering,Yavatmal",0101261210,Mechanical Engineering,Government,Sant Gadge Baba Amravati University,STATE,DEFOPENS,OPEN,SPECIAL,STATE,I,,97027,,68.4887011,FE_2025_CAP3_MH.pdf,9,pdfplumber_text,false,true,COLUMN_ALIGNMENT_UNCERTAIN
2025-26,FE,3,MH,01012,"Government College of Engineering,Yavatmal",0101261210,Mechanical Engineering,Government,Sant Gadge Baba Amravati University,STATE,DEFOBCS,OBC,SPECIAL,STATE,I,,201909,,2.5131625,FE_2025_CAP3_MH.pdf,9,pdfplumber_text,false,true,COLUMN_ALIGNMENT_UNCERTAIN
2025-26,FE,3,MH,01012,"Government College of Engineering,Yavatmal",0101261210,Mechanical Engineering,Government,Sant Gadge Baba Amravati University,STATE,DEFOPENS,OPEN,SPECIAL,STATE,I-Non,,94104,,69.8498837,FE_2025_CAP3_MH.pdf,9,pdfplumber_text,false,true,COLUMN_ALIGNMENT_UNCERTAIN;DUPLICATE_UNIQUE_KEY
2025-26,FE,3,MH,01012,"Government College of Engineering,Yavatmal",0101261210,Mechanical Engineering,Government,Sant Gadge Baba Amravati University,STATE,DEFOBCS,OBC,SPECIAL,STATE,I-Non,,96788,,68.8687467,FE_2025_CAP3_MH.pdf,9,pdfplumber_text,false,true,COLUMN_ALIGNMENT_UNCERTAIN;DUPLICATE_UNIQUE_KEY
2025-26,FE,3,MH,01012,"Government College of Engineering,Yavatmal",0101261210,Mechanical Engineering,Government,Sant Gadge Baba Amravati University,STATE,DEFOPENS,OPEN,SPECIAL,STATE,VII,,96886,,68.8687467,FE_2025_CAP3_MH.pdf,9,pdfplumber_text,false,true,COLUMN_ALIGNMENT_UNCERTAIN;DUPLICATE_UNIQUE_KEY
2025-26,FE,3,MH,01101,"Shri Sant Gajanan Maharaj College of Engineering,Shegaon",0110124210,Computer Science and Engineering,Un-Aided,,HOME,GOPENH,OPEN,GENERAL,HOME,I,,19760,,94.2892243,FE_2025_CAP3_MH.pdf,10,pdfplumber_text,false,true,COLUMN_ALIGNMENT_UNCERTAIN
2025-26,FE,3,MH,01101,"Shri Sant Gajanan Maharaj College of Engineering,Shegaon",0110124210,Computer Science and Engineering,Un-Aided,,HOME,GOPENH,OPEN,GENERAL,HOME,I-Non,,39435,,88.3176594,FE_2025_CAP3_MH.pdf,10,pdfplumber_text,false,true,COLUMN_ALIGNMENT_UNCERTAIN;DUPLICATE_UNIQUE_KEY
2025-26,FE,3,MH,01101,"Shri Sant Gajanan Maharaj College of Engineering,Shegaon",0110124210,Computer Science and Engineering,Un-Aided,,OTHER,GOPENO,OPEN,GENERAL,OTHER,I,,24131,,92.9765542,FE_2025_CAP3_MH.pdf,10,pdfplumber_text,false,false,
2025-26,FE,3,MH,01101,"Shri Sant Gajanan Maharaj College of Engineering,Shegaon",0110124210,Computer Science and Engineering,Un-Aided,,OTHER,GOBCO,OBC,GENERAL,OTHER,I,,25869,,92.4172762,FE_2025_CAP3_MH.pdf,10,pdfplumber_text,false,false,
2025-26,FE,3,MH,01101,"Shri Sant Gajanan Maharaj College of Engineering,Shegaon",0110124210,Computer Science and Engineering,Un-Aided,,OTHER,LOPENO,OPEN,LADIES,OTHER,I,,20779,,93.9467062,FE_2025_CAP3_MH.pdf,10,pdfplumber_text,false,false,
2025-26,FE,3,MH,01101,"Shri Sant Gajanan Maharaj College of Engineering,Shegaon",0110124210,Computer Science and Engineering,Un-Aided,,OTHER,LSTO,ST,LADIES,OTHER,I,,173946,,28.2789485,FE_2025_CAP3_MH.pdf,10,pdfplumber_text,false,false,
2025-26,FE,3,MH,01101,"Shri Sant Gajanan Maharaj College of Engineering,Shegaon",0110124210,Computer Science and Engineering,Un-Aided,,OTHER,LOBCO,OBC,LADIES,OTHER,I,,23429,,93.1848615,FE_2025_CAP3_MH.pdf,10,pdfplumber_text,false,false,
2025-26,FE,3,MH,01101,"Shri Sant Gajanan Maharaj College of Engineering,Shegaon",0110124210,Computer Science and Engineering,Un-Aided,,STATE,DEFSEBCS,SEBC,SPECIAL,STATE,I,,19151,,94.4741287,FE_2025_CAP3_MH.pdf,10,pdfplumber_text,false,true,COLUMN_ALIGNMENT_UNCERTAIN
2025-26,FE,3,MH,01101,"Shri Sant Gajanan Maharaj College of Engineering,Shegaon",0110124210,Computer Science and Engineering,Un-Aided,,STATE,DEFSEBCS,SEBC,SPECIAL,STATE,I-Non,,31454,,90.7235685,FE_2025_CAP3_MH.pdf,10,pdfplumber_text,false,true,COLUMN_ALIGNMENT_UNCERTAIN;DUPLICATE_UNIQUE_KEY
2025-26,FE,3,MH,01101,"Shri Sant Gajanan Maharaj College of Engineering,Shegaon",0110124210,Computer Science and Engineering,Un-Aided,,STATE,DEFSEBCS,SEBC,SPECIAL,STATE,VII,,18245,,94.7424061,FE_2025_CAP3_MH.pdf,10,pdfplumber_text,false,true,COLUMN_ALIGNMENT_UNCERTAIN;DUPLICATE_UNIQUE_KEY
2025-26,FE,3,MH,01101,"Shri Sant Gajanan Maharaj College of Engineering,Shegaon",0110124610,Information Technology,Un-Aided,,HOME,GOPENH,OPEN,GENERAL,HOME,I,,20575,,94.0166833,FE_2025_CAP3_MH.pdf,11,pdfplumber_text,false,false,
2025-26,FE,3,MH,01101,"Shri Sant Gajanan Maharaj College of Engineering,Shegaon",0110124610,Information Technology,Un-Aided,,HOME,GSEBCH,SEBC,GENERAL,HOME,I,,39710,,88.2484746,FE_2025_CAP3_MH.pdf,11,pdfplumber_text,false,false,
2025-26,FE,3,MH,01101,"Shri Sant Gajanan Maharaj College of Engineering,Shegaon",0110124610,Information Technology,Un-Aided,,HOME,PWDROBCH,OBC,SPECIAL,HOME,I,,90718,,71.1730870,FE_2025_CAP3_MH.pdf,11,pdfplumber_text,false,false,
2025-26,FE,3,MH,01101,"Shri Sant Gajanan Maharaj College of Engineering,Shegaon",0110124610,Information Technology,Un-Aided,,OTHER,GOPENO,OPEN,GENERAL,OTHER,I,,27980,,91.7968608,FE_2025_CAP3_MH.pdf,11,pdfplumber_text,false,false,
2025-26,FE,3,MH,01101,"Shri Sant Gajanan Maharaj College of Engineering,Shegaon",0110124610,Information Technology,Un-Aided,,OTHER,GSEBCO,SEBC,GENERAL,OTHER,I,,35804,,89.4898417,FE_2025_CAP3_MH.pdf,11,pdfplumber_text,false,false,
2025-26,FE,3,MH,01101,"Shri Sant Gajanan Maharaj College of Engineering,Shegaon",0110124610,Information Technology,Un-Aided,,STATE,TFWS,TFWS,SPECIAL,STATE,I,,19995,,94.2050981,FE_2025_CAP3_MH.pdf,11,pdfplumber_text,false,true,COLUMN_ALIGNMENT_UNCERTAIN
2025-26,FE,3,MH,01101,"Shri Sant Gajanan Maharaj College of Engineering,Shegaon",0110124610,Information Technology,Un-Aided,,STATE,TFWS,TFWS,SPECIAL,STATE,VII,,24743,,92.7867133,FE_2025_CAP3_MH.pdf,11,pdfplumber_text,false,true,COLUMN_ALIGNMENT_UNCERTAIN;DUPLICATE_UNIQUE_KEY
2025-26,FE,3,MH,01101,"Shri Sant Gajanan Maharaj College of Engineering,Shegaon",0110135610,Electrical Engg[Electronics and Power],Un-Aided,,HOME,GOPENH,OPEN,GENERAL,HOME,I,,41097,,87.9159305,FE_2025_CAP3_MH.pdf,12,pdfplumber_text,false,false,
2025-26,FE,3,MH,01101,"Shri Sant Gajanan Maharaj College of Engineering,Shegaon",0110135610,Electrical Engg[Electronics and Power],Un-Aided,,HOME,LSCH,SC,LADIES,HOME,I,,86350,,72.7429418,FE_2025_CAP3_MH.pdf,12,pdfplumber_text,false,false,
2025-26,FE,3,MH,01101,"Shri Sant Gajanan Maharaj College of Engineering,Shegaon",0110135610,Electrical Engg[Electronics and Power],Un-Aided,,OTHER,GOPENO,OPEN,GENERAL,OTHER,I,,47715,,85.8501253,FE_2025_CAP3_MH.pdf,12,pdfplumber_text,false,false,
2025-26,FE,3,MH,01101,"Shri Sant Gajanan Maharaj College of Engineering,Shegaon",0110135610,Electrical Engg[Electronics and Power],Un-Aided,,OTHER,LOBCO,OBC,LADIES,OTHER,I,,72185,,78.0104170,FE_2025_CAP3_MH.pdf,12,pdfplumber_text,false,false,
2025-26,FE,3,MH,01101,"Shri Sant Gajanan Maharaj College of Engineering,Shegaon",0110135610,Electrical Engg[Electronics and Power],Un-Aided,,STATE,DEFOBCS,OBC,SPECIAL,STATE,I-Non,,27324,,92.0400779,FE_2025_CAP3_MH.pdf,12,pdfplumber_text,false,false,
2025-26,FE,3,MH,01101,"Shri Sant Gajanan Maharaj College of Engineering,Shegaon",0110137210,Electronics and Telecommunication Engg,Un-Aided,,HOME,GOPENH,OPEN,GENERAL,HOME,I,,32088,,90.6221224,FE_2025_CAP3_MH.pdf,13,pdfplumber_text,false,true,COLUMN_ALIGNMENT_UNCERTAIN
2025-26,FE,3,MH,01101,"Shri Sant Gajanan Maharaj College of Engineering,Shegaon",0110137210,Electronics and Telecommunication Engg,Un-Aided,,HOME,GSTH,ST,GENERAL,HOME,I,,33076,,90.3035355,FE_2025_CAP3_MH.pdf,13,pdfplumber_text,false,true,COLUMN_ALIGNMENT_UNCERTAIN
2025-26,FE,3,MH,01101,"Shri Sant Gajanan Maharaj College of Engineering,Shegaon",0110137210,Electronics and Telecommunication Engg,Un-Aided,,HOME,GOBCH,OBC,GENERAL,HOME,I,,29443,,91.3593874,FE_2025_CAP3_MH.pdf,13,pdfplumber_text,false,true,COLUMN_ALIGNMENT_UNCERTAIN
2025-26,FE,3,MH,01101,"Shri Sant Gajanan Maharaj College of Engineering,Shegaon",0110137210,Electronics and Telecommunication Engg,Un-Aided,,HOME,LOPENH,OPEN,LADIES,HOME,I,,64301,,80.4732503,FE_2025_CAP3_MH.pdf,13,pdfplumber_text,false,true,COLUMN_ALIGNMENT_UNCERTAIN
2025-26,FE,3,MH,01101,"Shri Sant Gajanan Maharaj College of Engineering,Shegaon",0110137210,Electronics and Telecommunication Engg,Un-Aided,,HOME,GOPENH,OPEN,GENERAL,HOME,I-Non,,30254,,91.0751777,FE_2025_CAP3_MH.pdf,13,pdfplumber_text,false,true,COLUMN_ALIGNMENT_UNCERTAIN;DUPLICATE_UNIQUE_KEY
2025-26,FE,3,MH,01101,"Shri Sant Gajanan Maharaj College of Engineering,Shegaon",0110137210,Electronics and Telecommunication Engg,Un-Aided,,HOME,GOPENH,OPEN,GENERAL,HOME,VII,,33121,,90.2494890,FE_2025_CAP3_MH.pdf,13,pdfplumber_text,false,true,COLUMN_ALIGNMENT_UNCERTAIN;DUPLICATE_UNIQUE_KEY
2025-26,FE,3,MH,01101,"Shri Sant Gajanan Maharaj College of Engineering,Shegaon",0110137210,Electronics and Telecommunication Engg,Un-Aided,,HOME,GSTH,ST,GENERAL,HOME,VII,,35892,,89.3717407,FE_2025_CAP3_MH.pdf,13,pdfplumber_text,false,true,COLUMN_ALIGNMENT_UNCERTAIN;DUPLICATE_UNIQUE_KEY
2025-26,FE,3,MH,01101,"Shri Sant Gajanan Maharaj College of Engineering,Shegaon",0110137210,Electronics and Telecommunication Engg,Un-Aided,,OTHER,GOPENO,OPEN,GENERAL,OTHER,I,,31146,,90.8833776,FE_2025_CAP3_MH.pdf,13,pdfplumber_text,false,true,COLUMN_ALIGNMENT_UNCERTAIN
2025-26,FE,3,MH,01101,"Shri Sant Gajanan Maharaj College of Engineering,Shegaon",0110137210,Electronics and Telecommunication Engg,Un-Aided,,OTHER,GSCO,SC,GENERAL,OTHER,I,,50352,,84.9728618,FE_2025_CAP3_MH.pdf,13,pdfplumber_text,false,true,COLUMN_ALIGNMENT_UNCERTAIN
2025-26,FE,3,MH,01101,"Shri Sant Gajanan Maharaj College of Engineering,Shegaon",0110137210,Electronics and Telecommunication Engg,Un-Aided,,OTHER,GSTO,ST,GENERAL,OTHER,I,,54091,,83.7674516,FE_2025_CAP3_MH.pdf,13,pdfplumber_text,false,true,COLUMN_ALIGNMENT_UNCERTAIN
2025-26,FE,3,MH,01101,"Shri Sant Gajanan Maharaj College of Engineering,Shegaon",0110137210,Electronics and Telecommunication Engg,Un-Aided,,OTHER,GOPENO,OPEN,GENERAL,OTHER,VII,,31154,,90.8833776,FE_2025_CAP3_MH.pdf,13,pdfplumber_text,false,true,COLUMN_ALIGNMENT_UNCERTAIN;DUPLICATE_UNIQUE_KEY
2025-26,FE,3,MH,01101,"Shri Sant Gajanan Maharaj College of Engineering,Shegaon",0110137210,Electronics and Telecommunication Engg,Un-Aided,,STATE,EWS,EWS,SPECIAL,STATE,I,,44905,,86.6751751,FE_2025_CAP3_MH.pdf,13,pdfplumber_text,false,false,
2025-26,FE,3,MH,01101,"Shri Sant Gajanan Maharaj College of Engineering,Shegaon",0110161210,Mechanical Engineering,Un-Aided,,HOME,GVJH,VJ,GENERAL,HOME,I,,104413,,65.6692751,FE_2025_CAP3_MH.pdf,14,pdfplumber_text,false,false,
2025-26,FE,3,MH,01101,"Shri Sant Gajanan Maharaj College of Engineering,Shegaon",0110161210,Mechanical Engineering,Un-Aided,,HOME,LOBCH,OBC,LADIES,HOME,I,,50239,,84.9728618,FE_2025_CAP3_MH.pdf,14,pdfplumber_text,false,false,
2025-26,FE,3,MH,01101,"Shri Sant Gajanan Maharaj College of Engineering,Shegaon",0110161210,Mechanical Engineering,Un-Aided,,OTHER,GOPENO,OPEN,GENERAL,OTHER,I,,55174,,83.4378744,FE_2025_CAP3_MH.pdf,14,pdfplumber_text,false,false,
2025-26,FE,3,MH,01101,"Shri Sant Gajanan Maharaj College of Engineering,Shegaon",0110161210,Mechanical Engineering,Un-Aided,,OTHER,GNT2O,NT2,GENERAL,OTHER,I,,82918,,73.7482517,FE_2025_CAP3_MH.pdf,14,pdfplumber_text,false,false,
2025-26,FE,3,MH,01101,"Shri Sant Gajanan Maharaj College of Engineering,Shegaon",0110161210,Mechanical Engineering,Un-Aided,,OTHER,LOPENO,OPEN,LADIES,OTHER,I,,86082,,72.8948543,FE_2025_CAP3_MH.pdf,14,pdfplumber_text,false,false,
2025-26,FE,3,MH,01101,"Shri Sant Gajanan Maharaj College of Engineering,Shegaon",0110161210,Mechanical Engineering,Un-Aided,,OTHER,LOBCO,OBC,LADIES,OTHER,I,,103172,,66.2972028,FE_2025_CAP3_MH.pdf,14,pdfplumber_text,false,false,
2025-26,FE,3,MH,01101,"Shri Sant Gajanan Maharaj College of Engineering,Shegaon",0110161210,Mechanical Engineering,Un-Aided,,STATE,EWS,EWS,SPECIAL,STATE,I,,127478,,55.2744499,FE_2025_CAP3_MH.pdf,14,pdfplumber_text,false,false,
2025-26,FE,3,MH,01105,"Prof. Ram Meghe Institute of Technology & Research, Amravati",0110519110,Civil Engineering,Un-Aided Autonomous,,STATE,GOPENS,OPEN,GENERAL,STATE,I,,74539,,76.9322569,FE_2025_CAP3_MH.pdf,15,pdfplumber_text,false,true,COLUMN_ALIGNMENT_UNCERTAIN
2025-26,FE,3,MH,01105,"Prof. Ram Meghe Institute of Technology & Research, Amravati",0110519110,Civil Engineering,Un-Aided Autonomous,,STATE,GSCS,SC,GENERAL,STATE,I,,89738,,71.4842352,FE_2025_CAP3_MH.pdf,15,pdfplumber_text,false,true,COLUMN_ALIGNMENT_UNCERTAIN
2025-26,FE,3,MH,01105,"Prof. Ram Meghe Institute of Technology & Research, Amravati",0110519110,Civil Engineering,Un-Aided Autonomous,,STATE,GSTS,ST,GENERAL,STATE,I,,138131,,49.7291102,FE_2025_CAP3_MH.pdf,15,pdfplumber_text,false,true,COLUMN_ALIGNMENT_UNCERTAIN
2025-26,FE,3,MH,01105,"Prof. Ram Meghe Institute of Technology & Research, Amravati",0110519110,Civil Engineering,Un-Aided Autonomous,,STATE,GVJS,VJ,GENERAL,STATE,I,,78118,,75.6075065,FE_2025_CAP3_MH.pdf,15,pdfplumber_text,false,true,COLUMN_ALIGNMENT_UNCERTAIN
2025-26,FE,3,MH,01105,"Prof. Ram Meghe Institute of Technology & Research, Amravati",0110519110,Civil Engineering,Un-Aided Autonomous,,STATE,GOBCS,OBC,GENERAL,STATE,I,,86614,,72.6730266,FE_2025_CAP3_MH.pdf,15,pdfplumber_text,false,true,COLUMN_ALIGNMENT_UNCERTAIN
2025-26,FE,3,MH,01105,"Prof. Ram Meghe Institute of Technology & Research, Amravati",0110519110,Civil Engineering,Un-Aided Autonomous,,STATE,LOPENS,OPEN,LADIES,STATE,I,,64899,,80.0000000,FE_2025_CAP3_MH.pdf,15,pdfplumber_text,false,true,COLUMN_ALIGNMENT_UNCERTAIN
2025-26,FE,3,MH,01105,"Prof. Ram Meghe Institute of Technology & Research, Amravati",0110519110,Civil Engineering,Un-Aided Autonomous,,STATE,LSTS,ST,LADIES,STATE,I,,181368,,22.0358020,FE_2025_CAP3_MH.pdf,15,pdfplumber_text,false,true,COLUMN_ALIGNMENT_UNCERTAIN
2025-26,FE,3,MH,01105,"Prof. Ram Meghe Institute of Technology & Research, Amravati",0110519110,Civil Engineering,Un-Aided Autonomous,,STATE,GOPENS,OPEN,GENERAL,STATE,II,,135918,,50.8281802,FE_2025_CAP3_MH.pdf,15,pdfplumber_text,false,true,COLUMN_ALIGNMENT_UNCERTAIN;DUPLICATE_UNIQUE_KEY
2025-26,FE,3,MH,01105,"Prof. Ram Meghe Institute of Technology & Research, Amravati",0110519110,Civil Engineering,Un-Aided Autonomous,,STATE,GOPENS,OPEN,GENERAL,STATE,I-Non,,81753,,74.5404987,FE_2025_CAP3_MH.pdf,15,pdfplumber_text,false,true,COLUMN_ALIGNMENT_UNCERTAIN;DUPLICATE_UNIQUE_KEY
2025-26,FE,3,MH,01105,"Prof. Ram Meghe Institute of Technology & Research, Amravati",0110519110,Civil Engineering,Un-Aided Autonomous,,STATE,GSCS,SC,GENERAL,STATE,I-Non,,94364,,69.4936445,FE_2025_CAP3_MH.pdf,15,pdfplumber_text,false,true,COLUMN_ALIGNMENT_UNCERTAIN;DUPLICATE_UNIQUE_KEY
2025-26,FE,3,MH,01105,"Prof. Ram Meghe Institute of Technology & Research, Amravati",0110524210,Computer Science and Engineering,Un-Aided Autonomous,,STATE,GOPENS,OPEN,GENERAL,STATE,I,,30546,,91.0510720,FE_2025_CAP3_MH.pdf,15,pdfplumber_text,false,false,
2025-26,FE,3,MH,01105,"Prof. Ram Meghe Institute of Technology & Research, Amravati",0110524210,Computer Science and Engineering,Un-Aided Autonomous,,STATE,GSCS,SC,GENERAL,STATE,I,,49510,,85.1919561,FE_2025_CAP3_MH.pdf,15,pdfplumber_text,false,false,
2025-26,FE,3,MH,01105,"Prof. Ram Meghe Institute of Technology & Research, Amravati",0110524210,Computer Science and Engineering,Un-Aided Autonomous,,STATE,GSTS,ST,GENERAL,STATE,I,,70301,,78.4342571,FE_2025_CAP3_MH.pdf,15,pdfplumber_text,false,false,
2025-26,FE,3,MH,01105,"Prof. Ram Meghe Institute of Technology & Research, Amravati",0110524210,Computer Science and Engineering,Un-Aided Autonomous,,STATE,GVJS,VJ,GENERAL,STATE,I,,44057,,86.9194446,FE_2025_CAP3_MH.pdf,15,pdfplumber_text,false,false,
2025-26,FE,3,MH,01105,"Prof. Ram Meghe Institute of Technology & Research, Amravati",0110524210,Computer Science and Engineering,Un-Aided Autonomous,,STATE,GNT3S,NT3,GENERAL,STATE,I,,48005,,85.6421968,FE_2025_CAP3_MH.pdf,15,pdfplumber_text,false,false,
2025-26,FE,3,MH,01105,"Prof. Ram Meghe Institute of Technology & Research, Amravati",0110524210,Computer Science and Engineering,Un-Aided Autonomous,,STATE,GOBCS,OBC,GENERAL,STATE,I,,33663,,90.1133687,FE_2025_CAP3_MH.pdf,15,pdfplumber_text,false,false,
2025-26,FE,3,MH,01105,"Prof. Ram Meghe Institute of Technology & Research, Amravati",0110524210,Computer Science and Engineering,Un-Aided Autonomous,,STATE,GSEBCS,SEBC,GENERAL,STATE,I,,45514,,86.5435447,FE_2025_CAP3_MH.pdf,15,pdfplumber_text,false,false,
2025-26,FE,3,MH,01105,"Prof. Ram Meghe Institute of Technology & Research, Amravati",0110524210,Computer Science and Engineering,Un-Aided Autonomous,,STATE,LOPENS,OPEN,LADIES,STATE,I,,23344,,93.2101568,FE_2025_CAP3_MH.pdf,15,pdfplumber_text,false,false,
2025-26,FE,3,MH,01105,"Prof. Ram Meghe Institute of Technology & Research, Amravati",0110524210,Computer Science and Engineering,Un-Aided Autonomous,,STATE,LNT2S,NT2,LADIES,STATE,I,,40867,,87.9272878,FE_2025_CAP3_MH.pdf,15,pdfplumber_text,false,false,
2025-26,FE,3,MH,01105,"Prof. Ram Meghe Institute of Technology & Research, Amravati",0110524210,Computer Science and Engineering,Un-Aided Autonomous,,STATE,PWDOBCS,OBC,SPECIAL,STATE,I,,185319,,18.9335664,FE_2025_CAP3_MH.pdf,15,pdfplumber_text,false,false,
2025-26,FE,3,MH,01105,"Prof. Ram Meghe Institute of Technology & Research, Amravati",0110524210,Computer Science and Engineering,Un-Aided Autonomous,,STATE,DEFSCS,SC,SPECIAL,STATE,I,,172031,,28.9513426,FE_2025_CAP3_MH.pdf,15,pdfplumber_text,false,false,
2025-26,FE,3,MH,01105,"Prof. Ram Meghe Institute of Technology & Research, Amravati",0110524210,Computer Science and Engineering,Un-Aided Autonomous,,STATE,EWS,EWS,SPECIAL,STATE,I,,48708,,85.4179037,FE_2025_CAP3_MH.pdf,15,pdfplumber_text,false,false,
2025-26,FE,3,MH,01105,"Prof. Ram Meghe Institute of Technology & Research, Amravati",0110524610,Information Technology,Un-Aided Autonomous,,STATE,GOPENS,OPEN,GENERAL,STATE,I,,36534,,89.2727273,FE_2025_CAP3_MH.pdf,15,pdfplumber_text,false,false,
2025-26,FE,3,MH,01105,"Prof. Ram Meghe Institute of Technology & Research, Amravati",0110524610,Information Technology,Un-Aided Autonomous,,STATE,GSCS,SC,GENERAL,STATE,I,,49936,,85.1002266,FE_2025_CAP3_MH.pdf,15,pdfplumber_text,false,false,
2025-26,FE,3,MH,01105,"Prof. Ram Meghe Institute of Technology & Research, Amravati",0110524610,Information Technology,Un-Aided Autonomous,,STATE,GSTS,ST,GENERAL,STATE,I,,158863,,38.2479385,FE_2025_CAP3_MH.pdf,15,pdfplumber_text,false,false,
2025-26,FE,3,MH,01105,"Prof. Ram Meghe Institute of Technology & Research, Amravati",0110524610,Information Technology,Un-Aided Autonomous,,STATE,GVJS,VJ,GENERAL,STATE,I,,64219,,80.4732503,FE_2025_CAP3_MH.pdf,15,pdfplumber_text,false,false,
2025-26,FE,3,MH,01105,"Prof. Ram Meghe Institute of Technology & Research, Amravati",0110524610,Information Technology,Un-Aided Autonomous,,STATE,GNT1S,NT1,GENERAL,STATE,I,,59683,,81.9705913,FE_2025_CAP3_MH.pdf,15,pdfplumber_text,false,false,
2025-26,FE,3,MH,01105,"Prof. Ram Meghe Institute of Technology & Research, Amravati",0110524610,Information Technology,Un-Aided Autonomous,,STATE,LOPENS,OPEN,LADIES,STATE,I,,33370,,90.1610143,FE_2025_CAP3_MH.pdf,15,pdfplumber_text,false,false,
2025-26,FE,3,MH,01105,"Prof. Ram Meghe Institute of Technology & Research, Amravati",0110524610,Information Technology,Un-Aided Autonomous,,STATE,EWS,EWS,SPECIAL,STATE,I,,72737,,77.5384615,FE_2025_CAP3_MH.pdf,15,pdfplumber_text,false,false,
2025-26,FE,3,MH,01105,"Prof. Ram Meghe Institute of Technology & Research, Amravati",0110526310,Artificial Intelligence (AI) and Data Science,Un-Aided Autonomous,,STATE,GOPENS,OPEN,GENERAL,STATE,I,,41370,,87.7785554,FE_2025_CAP3_MH.pdf,15,pdfplumber_text,false,false,
2025-26,FE,3,MH,01105,"Prof. Ram Meghe Institute of Technology & Research, Amravati",0110526310,Artificial Intelligence (AI) and Data Science,Un-Aided Autonomous,,STATE,GSCS,SC,GENERAL,STATE,I,,61214,,81.3270637,FE_2025_CAP3_MH.pdf,15,pdfplumber_text,false,false,
2025-26,FE,3,MH,01105,"Prof. Ram Meghe Institute of Technology & Research, Amravati",0110526310,Artificial Intelligence (AI) and Data Science,Un-Aided Autonomous,,STATE,GVJS,VJ,GENERAL,STATE,I,,71303,,78.2722320,FE_2025_CAP3_MH.pdf,15,pdfplumber_text,false,false,
2025-26,FE,3,MH,01105,"Prof. Ram Meghe Institute of Technology & Research, Amravati",0110526310,Artificial Intelligence (AI) and Data Science,Un-Aided Autonomous,,STATE,GSEBCS,SEBC,GENERAL,STATE,I,,87942,,71.8498844,FE_2025_CAP3_MH.pdf,15,pdfplumber_text,false,false,
2025-26,FE,3,MH,01105,"Prof. Ram Meghe Institute of Technology & Research, Amravati",0110526310,Artificial Intelligence (AI) and Data Science,Un-Aided Autonomous,,STATE,LOPENS,OPEN,LADIES,STATE,I,,37802,,88.7823852,FE_2025_CAP3_MH.pdf,15,pdfplumber_text,false,false,
2025-26,FE,3,MH,01105,"Prof. Ram Meghe Institute of Technology & Research, Amravati",0110526310,Artificial Intelligence (AI) and Data Science,Un-Aided Autonomous,,STATE,LSCS,SC,LADIES,STATE,I,,54511,,83.5597353,FE_2025_CAP3_MH.pdf,15,pdfplumber_text,false,false,
2025-26,FE,3,MH,01105,"Prof. Ram Meghe Institute of Technology & Research, Amravati",0110526310,Artificial Intelligence (AI) and Data Science,Un-Aided Autonomous,,STATE,LOBCS,OBC,LADIES,STATE,I,,40072,,88.1387307,FE_2025_CAP3_MH.pdf,15,pdfplumber_text,false,false,
2025-26,FE,3,MH,01105,"Prof. Ram Meghe Institute of Technology & Research, Amravati",0110526310,Artificial Intelligence (AI) and Data Science,Un-Aided Autonomous,,STATE,LSEBCS,SEBC,LADIES,STATE,I,,87646,,72.1028020,FE_2025_CAP3_MH.pdf,15,pdfplumber_text,false,false,
2025-26,FE,3,MH,01105,"Prof. Ram Meghe Institute of Technology & Research, Amravati",0110526310,Artificial Intelligence (AI) and Data Science,Un-Aided Autonomous,,STATE,EWS,EWS,SPECIAL,STATE,I,,61464,,81.2846613,FE_2025_CAP3_MH.pdf,15,pdfplumber_text,false,false,
2025-26,FE,3,MH,01105,"Prof. Ram Meghe Institute of Technology & Research, Amravati",0110526710,Computer Science and Engineering (IoT),Un-Aided Autonomous,,STATE,GOPENS,OPEN,GENERAL,STATE,I,,46274,,86.2326458,FE_2025_CAP3_MH.pdf,16,pdfplumber_text,false,false,
2025-26,FE,3,MH,01105,"Prof. Ram Meghe Institute of Technology & Research, Amravati",0110526710,Computer Science and Engineering (IoT),Un-Aided Autonomous,,STATE,DEFOPENS,OPEN,SPECIAL,STATE,I,,129594,,54.1537389,FE_2025_CAP3_MH.pdf,16,pdfplumber_text,false,false,
2025-26,FE,3,MH,01105,"Prof. Ram Meghe Institute of Technology & Research, Amravati",0110526710,Computer Science and Engineering (IoT),Un-Aided Autonomous,,STATE,TFWS,TFWS,SPECIAL,STATE,I,,44085,,86.9194446,FE_2025_CAP3_MH.pdf,16,pdfplumber_text,false,false,
2025-26,FE,3,MH,01105,"Prof. Ram Meghe Institute of Technology & Research, Amravati",0110526710,Computer Science and Engineering (IoT),Un-Aided Autonomous,,STATE,EWS,EWS,SPECIAL,STATE,I,,91551,,70.7504568,FE_2025_CAP3_MH.pdf,16,pdfplumber_text,false,false,
2025-26,FE,3,MH,01105,"Prof. Ram Meghe Institute of Technology & Research, Amravati",0110537210,Electronics and Telecommunication Engg,Un-Aided Autonomous,,STATE,GOPENS,OPEN,GENERAL,STATE,I,,54059,,83.7934335,FE_2025_CAP3_MH.pdf,16,pdfplumber_text,false,true,COLUMN_ALIGNMENT_UNCERTAIN
2025-26,FE,3,MH,01105,"Prof. Ram Meghe Institute of Technology & Research, Amravati",0110537210,Electronics and Telecommunication Engg,Un-Aided Autonomous,,STATE,GSCS,SC,GENERAL,STATE,I,,65844,,79.9072027,FE_2025_CAP3_MH.pdf,16,pdfplumber_text,false,true,COLUMN_ALIGNMENT_UNCERTAIN
2025-26,FE,3,MH,01105,"Prof. Ram Meghe Institute of Technology & Research, Amravati",0110537210,Electronics and Telecommunication Engg,Un-Aided Autonomous,,STATE,GSTS,ST,GENERAL,STATE,I,,55028,,83.4741816,FE_2025_CAP3_MH.pdf,16,pdfplumber_text,false,true,COLUMN_ALIGNMENT_UNCERTAIN
2025-26,FE,3,MH,01105,"Prof. Ram Meghe Institute of Technology & Research, Amravati",0110537210,Electronics and Telecommunication Engg,Un-Aided Autonomous,,STATE,GOBCS,OBC,GENERAL,STATE,I,,80274,,75.1716925,FE_2025_CAP3_MH.pdf,16,pdfplumber_text,false,true,COLUMN_ALIGNMENT_UNCERTAIN
2025-26,FE,3,MH,01105,"Prof. Ram Meghe Institute of Technology & Research, Amravati",0110537210,Electronics and Telecommunication Engg,Un-Aided Autonomous,,STATE,GSEBCS,SEBC,GENERAL,STATE,I,,42184,,87.4135301,FE_2025_CAP3_MH.pdf,16,pdfplumber_text,false,true,COLUMN_ALIGNMENT_UNCERTAIN
2025-26,FE,3,MH,01105,"Prof. Ram Meghe Institute of Technology & Research, Amravati",0110537210,Electronics and Telecommunication Engg,Un-Aided Autonomous,,STATE,LOPENS,OPEN,LADIES,STATE,I,,82728,,73.7482517,FE_2025_CAP3_MH.pdf,16,pdfplumber_text,false,true,COLUMN_ALIGNMENT_UNCERTAIN
2025-26,FE,3,MH,01105,"Prof. Ram Meghe Institute of Technology & Research, Amravati",0110537210,Electronics and Telecommunication Engg,Un-Aided Autonomous,,STATE,LSCS,SC,LADIES,STATE,I,,94044,,69.8498837,FE_2025_CAP3_MH.pdf,16,pdfplumber_text,false,true,COLUMN_ALIGNMENT_UNCERTAIN
2025-26,FE,3,MH,01105,"Prof. Ram Meghe Institute of Technology & Research, Amravati",0110537210,Electronics and Telecommunication Engg,Un-Aided Autonomous,,STATE,GOPENS,OPEN,GENERAL,STATE,I-Non,,53343,,83.9367933,FE_2025_CAP3_MH.pdf,16,pdfplumber_text,false,true,COLUMN_ALIGNMENT_UNCERTAIN;DUPLICATE_UNIQUE_KEY
2025-26,FE,3,MH,01105,"Prof. Ram Meghe Institute of Technology & Research, Amravati",0110537210,Electronics and Telecommunication Engg,Un-Aided Autonomous,,STATE,GOPENS,OPEN,GENERAL,STATE,VII,,55403,,83.3397246,FE_2025_CAP3_MH.pdf,16,pdfplumber_text,false,true,COLUMN_ALIGNMENT_UNCERTAIN;DUPLICATE_UNIQUE_KEY
2025-26,FE,3,MH,01105,"Prof. Ram Meghe Institute of Technology & Research, Amravati",0110561210,Mechanical Engineering,Un-Aided Autonomous,,STATE,GOPENS,OPEN,GENERAL,STATE,I,,81975,,74.0630785,FE_2025_CAP3_MH.pdf,16,pdfplumber_text,false,true,COLUMN_ALIGNMENT_UNCERTAIN
2025-26,FE,3,MH,01105,"Prof. Ram Meghe Institute of Technology & Research, Amravati",0110561210,Mechanical Engineering,Un-Aided Autonomous,,STATE,GSTS,ST,GENERAL,STATE,I,,88663,,71.6607627,FE_2025_CAP3_MH.pdf,16,pdfplumber_text,false,true,COLUMN_ALIGNMENT_UNCERTAIN
2025-26,FE,3,MH,01105,"Prof. Ram Meghe Institute of Technology & Research, Amravati",0110561210,Mechanical Engineering,Un-Aided Autonomous,,STATE,GOBCS,OBC,GENERAL,STATE,I,,163423,,35.5422955,FE_2025_CAP3_MH.pdf,16,pdfplumber_text,false,true,COLUMN_ALIGNMENT_UNCERTAIN
2025-26,FE,3,MH,01105,"Prof. Ram Meghe Institute of Technology & Research, Amravati",0110561210,Mechanical Engineering,Un-Aided Autonomous,,STATE,GSEBCS,SEBC,GENERAL,STATE,I,,72033,,78.0104170,FE_2025_CAP3_MH.pdf,16,pdfplumber_text,false,true,COLUMN_ALIGNMENT_UNCERTAIN
2025-26,FE,3,MH,01105,"Prof. Ram Meghe Institute of Technology & Research, Amravati",0110561210,Mechanical Engineering,Un-Aided Autonomous,,STATE,LOPENS,OPEN,LADIES,STATE,I,,88757,,71.6607627,FE_2025_CAP3_MH.pdf,16,pdfplumber_text,false,true,COLUMN_ALIGNMENT_UNCERTAIN
2025-26,FE,3,MH,01105,"Prof. Ram Meghe Institute of Technology & Research, Amravati",0110561210,Mechanical Engineering,Un-Aided Autonomous,,STATE,LSCS,SC,LADIES,STATE,I,,197682,,7.2413793,FE_2025_CAP3_MH.pdf,16,pdfplumber_text,false,true,COLUMN_ALIGNMENT_UNCERTAIN
2025-26,FE,3,MH,01105,"Prof. Ram Meghe Institute of Technology & Research, Amravati",0110561210,Mechanical Engineering,Un-Aided Autonomous,,STATE,GOPENS,OPEN,GENERAL,STATE,II,,200528,,4.1530130,FE_2025_CAP3_MH.pdf,16,pdfplumber_text,false,true,COLUMN_ALIGNMENT_UNCERTAIN;DUPLICATE_UNIQUE_KEY
2025-26,FE,3,MH,01105,"Prof. Ram Meghe Institute of Technology & Research, Amravati",0110561210,Mechanical Engineering,Un-Aided Autonomous,,STATE,GOPENS,OPEN,GENERAL,STATE,I-Non,,79207,,75.2405919,FE_2025_CAP3_MH.pdf,16,pdfplumber_text,false,true,COLUMN_ALIGNMENT_UNCERTAIN;DUPLICATE_UNIQUE_KEY
2025-26,FE,3,MH,01105,"Prof. Ram Meghe Institute of Technology & Research, Amravati",0110561210,Mechanical Engineering,Un-Aided Autonomous,,STATE,GSTS,ST,GENERAL,STATE,I-Non,,93570,,69.8941051,FE_2025_CAP3_MH.pdf,16,pdfplumber_text,false,true,COLUMN_ALIGNMENT_UNCERTAIN;DUPLICATE_UNIQUE_KEY
2025-26,FE,3,MH,01105,"Prof. Ram Meghe Institute of Technology & Research, Amravati",0110561210,Mechanical Engineering,Un-Aided Autonomous,,STATE,GOBCS,OBC,GENERAL,STATE,I-Non,,86877,,72.6730266,FE_2025_CAP3_MH.pdf,16,pdfplumber_text,false,true,COLUMN_ALIGNMENT_UNCERTAIN;DUPLICATE_UNIQUE_KEY
2025-26,FE,3,MH,01105,"Prof. Ram Meghe Institute of Technology & Research, Amravati",0110561210,Mechanical Engineering,Un-Aided Autonomous,,STATE,GOPENS,OPEN,GENERAL,STATE,I-Non,,80242,,75.1716925,FE_2025_CAP3_MH.pdf,16,pdfplumber_text,false,true,COLUMN_ALIGNMENT_UNCERTAIN;DUPLICATE_UNIQUE_KEY
2025-26,FE,3,MH,01105,"Prof. Ram Meghe Institute of Technology & Research, Amravati",0110561210,Mechanical Engineering,Un-Aided Autonomous,,STATE,GSTS,ST,GENERAL,STATE,I-Non,,90307,,71.4755245,FE_2025_CAP3_MH.pdf,16,pdfplumber_text,false,true,COLUMN_ALIGNMENT_UNCERTAIN;DUPLICATE_UNIQUE_KEY
2025-26,FE,3,MH,01105,"Prof. Ram Meghe Institute of Technology & Research, Amravati",0110561210,Mechanical Engineering,Un-Aided Autonomous,,STATE,GOPENS,OPEN,GENERAL,STATE,VII,,89576,,71.5562808,FE_2025_CAP3_MH.pdf,16,pdfplumber_text,false,true,COLUMN_ALIGNMENT_UNCERTAIN;DUPLICATE_UNIQUE_KEY
2025-26,FE,3,MH,01107,"P. R. Pote Patil College of Engineering & Management, Amravati",0110719110,Civil Engineering,Un-Aided Autonomous,,STATE,GOPENS,OPEN,GENERAL,STATE,I,,49716,,85.1139120,FE_2025_CAP3_MH.pdf,17,pdfplumber_text,false,false,
2025-26,FE,3,MH,01107,"P. R. Pote Patil College of Engineering & Management, Amravati",0110719110,Civil Engineering,Un-Aided Autonomous,,STATE,GNT2S,NT2,GENERAL,STATE,I,,116499,,60.4221150,FE_2025_CAP3_MH.pdf,17,pdfplumber_text,false,false,
2025-26,FE,3,MH,01107,"P. R. Pote Patil College of Engineering & Management, Amravati",0110719110,Civil Engineering,Un-Aided Autonomous,,STATE,GSEBCS,SEBC,GENERAL,STATE,I,,144586,,46.6242967,FE_2025_CAP3_MH.pdf,17,pdfplumber_text,false,false,
2025-26,FE,3,MH,01107,"P. R. Pote Patil College of Engineering & Management, Amravati",0110719110,Civil Engineering,Un-Aided Autonomous,,STATE,EWS,EWS,SPECIAL,STATE,I,,181752,,22.0346747,FE_2025_CAP3_MH.pdf,17,pdfplumber_text,false,false,
2025-26,FE,3,MH,01107,"P. R. Pote Patil College of Engineering & Management, Amravati",0110724210,Computer Science and Engineering,Un-Aided Autonomous,,STATE,GSCS,SC,GENERAL,STATE,I,,50245,,84.9728618,FE_2025_CAP3_MH.pdf,17,pdfplumber_text,false,false,
2025-26,FE,3,MH,01107,"P. R. Pote Patil College of Engineering & Management, Amravati",0110724210,Computer Science and Engineering,Un-Aided Autonomous,,STATE,GVJS,VJ,GENERAL,STATE,I,,73837,,77.1296846,FE_2025_CAP3_MH.pdf,17,pdfplumber_text,false,false,
2025-26,FE,3,MH,01107,"P. R. Pote Patil College of Engineering & Management, Amravati",0110724210,Computer Science and Engineering,Un-Aided Autonomous,,STATE,GOBCS,OBC,GENERAL,STATE,I,,36976,,89.1256809,FE_2025_CAP3_MH.pdf,17,pdfplumber_text,false,false,
2025-26,FE,3,MH,01107,"P. R. Pote Patil College of Engineering & Management, Amravati",0110724210,Computer Science and Engineering,Un-Aided Autonomous,,STATE,GSEBCS,SEBC,GENERAL,STATE,I,,68885,,78.6729363,FE_2025_CAP3_MH.pdf,17,pdfplumber_text,false,false,
2025-26,FE,3,MH,01107,"P. R. Pote Patil College of Engineering & Management, Amravati",0110724210,Computer Science and Engineering,Un-Aided Autonomous,,STATE,LOPENS,OPEN,LADIES,STATE,I,,31974,,90.6332693,FE_2025_CAP3_MH.pdf,17,pdfplumber_text,false,false,
2025-26,FE,3,MH,01107,"P. R. Pote Patil College of Engineering & Management, Amravati",0110724210,Computer Science and Engineering,Un-Aided Autonomous,,STATE,LVJS,VJ,LADIES,STATE,I,,66707,,79.6986029,FE_2025_CAP3_MH.pdf,17,pdfplumber_text,false,false,
2025-26,FE,3,MH,01107,"P. R. Pote Patil College of Engineering & Management, Amravati",0110724210,Computer Science and Engineering,Un-Aided Autonomous,,STATE,TFWS,TFWS,SPECIAL,STATE,I,,25352,,92.5853623,FE_2025_CAP3_MH.pdf,17,pdfplumber_text,false,false,
2025-26,FE,3,MH,01107,"P. R. Pote Patil College of Engineering & Management, Amravati",0110724210,Computer Science and Engineering,Un-Aided Autonomous,,STATE,DEFRSCS,SC,SPECIAL,STATE,I,,98505,,68.1164395,FE_2025_CAP3_MH.pdf,17,pdfplumber_text,false,false,
2025-26,FE,3,MH,01107,"P. R. Pote Patil College of Engineering & Management, Amravati",0110724210,Computer Science and Engineering,Un-Aided Autonomous,,STATE,EWS,EWS,SPECIAL,STATE,I,,70215,,78.5512207,FE_2025_CAP3_MH.pdf,17,pdfplumber_text,false,false,
2025-26,FE,3,MH,01107,"P. R. Pote Patil College of Engineering & Management, Amravati",0110729310,Electrical Engineering,Un-Aided Autonomous,,STATE,GOPENS,OPEN,GENERAL,STATE,I,,74566,,76.9322569,FE_2025_CAP3_MH.pdf,17,pdfplumber_text,false,false,
2025-26,FE,3,MH,01107,"P. R. Pote Patil College of Engineering & Management, Amravati",0110729310,Electrical Engineering,Un-Aided Autonomous,,STATE,GSTS,ST,GENERAL,STATE,I,,127998,,54.5872518,FE_2025_CAP3_MH.pdf,17,pdfplumber_text,false,false,
2025-26,FE,3,MH,01107,"P. R. Pote Patil College of Engineering & Management, Amravati",0110729310,Electrical Engineering,Un-Aided Autonomous,,STATE,LOPENS,OPEN,LADIES,STATE,I,,72399,,77.9513058,FE_2025_CAP3_MH.pdf,17,pdfplumber_text,false,false,
2025-26,FE,3,MH,01107,"P. R. Pote Patil College of Engineering & Management, Amravati",0110729310,Electrical Engineering,Un-Aided Autonomous,,STATE,LSCS,SC,LADIES,STATE,I,,92168,,70.5072010,FE_2025_CAP3_MH.pdf,17,pdfplumber_text,false,false,
2025-26,FE,3,MH,01107,"P. R. Pote Patil College of Engineering & Management, Amravati",0110729310,Electrical Engineering,Un-Aided Autonomous,,STATE,EWS,EWS,SPECIAL,STATE,I,,169931,,30.2606300,FE_2025_CAP3_MH.pdf,17,pdfplumber_text,false,false,
2025-26,FE,3,MH,01107,"P. R. Pote Patil College of Engineering & Management, Amravati",0110737210,Electronics and Telecommunication Engg,Un-Aided Autonomous,,STATE,GOPENS,OPEN,GENERAL,STATE,I,,57039,,82.8372770,FE_2025_CAP3_MH.pdf,17,pdfplumber_text,false,true,COLUMN_ALIGNMENT_UNCERTAIN
2025-26,FE,3,MH,01107,"P. R. Pote Patil College of Engineering & Management, Amravati",0110737210,Electronics and Telecommunication Engg,Un-Aided Autonomous,,STATE,GSCS,SC,GENERAL,STATE,I,,75324,,76.8955509,FE_2025_CAP3_MH.pdf,17,pdfplumber_text,false,true,COLUMN_ALIGNMENT_UNCERTAIN
2025-26,FE,3,MH,01107,"P. R. Pote Patil College of Engineering & Management, Amravati",0110737210,Electronics and Telecommunication Engg,Un-Aided Autonomous,,STATE,GOBCS,OBC,GENERAL,STATE,I,,66335,,79.7946282,FE_2025_CAP3_MH.pdf,17,pdfplumber_text,false,true,COLUMN_ALIGNMENT_UNCERTAIN
2025-26,FE,3,MH,01107,"P. R. Pote Patil College of Engineering & Management, Amravati",0110737210,Electronics and Telecommunication Engg,Un-Aided Autonomous,,STATE,GSEBCS,SEBC,GENERAL,STATE,I,,101638,,66.4263323,FE_2025_CAP3_MH.pdf,17,pdfplumber_text,false,true,COLUMN_ALIGNMENT_UNCERTAIN
2025-26,FE,3,MH,01107,"P. R. Pote Patil College of Engineering & Management, Amravati",0110737210,Electronics and Telecommunication Engg,Un-Aided Autonomous,,STATE,GOPENS,OPEN,GENERAL,STATE,I-Non,,65746,,79.9072027,FE_2025_CAP3_MH.pdf,17,pdfplumber_text,false,true,COLUMN_ALIGNMENT_UNCERTAIN;DUPLICATE_UNIQUE_KEY
2025-26,FE,3,MH,01107,"P. R. Pote Patil College of Engineering & Management, Amravati",0110761210,Mechanical Engineering,Un-Aided Autonomous,,STATE,GOPENS,OPEN,GENERAL,STATE,I,,75906,,76.7635852,FE_2025_CAP3_MH.pdf,18,pdfplumber_text,false,false,
2025-26,FE,3,MH,01107,"P. R. Pote Patil College of Engineering & Management, Amravati",0110761210,Mechanical Engineering,Un-Aided Autonomous,,STATE,GOBCS,OBC,GENERAL,STATE,I,,77398,,75.6538462,FE_2025_CAP3_MH.pdf,18,pdfplumber_text,false,false,
2025-26,FE,3,MH,01107,"P. R. Pote Patil College of Engineering & Management, Amravati",0110761210,Mechanical Engineering,Un-Aided Autonomous,,STATE,GSEBCS,SEBC,GENERAL,STATE,I,,157434,,39.2328654,FE_2025_CAP3_MH.pdf,18,pdfplumber_text,false,false,
2025-26,FE,3,MH,01107,"P. R. Pote Patil College of Engineering & Management, Amravati",0110761210,Mechanical Engineering,Un-Aided Autonomous,,STATE,LNT2S,NT2,LADIES,STATE,I,,96927,,68.8687467,FE_2025_CAP3_MH.pdf,18,pdfplumber_text,false,false,
2025-26,FE,3,MH,01107,"P. R. Pote Patil College of Engineering & Management, Amravati",0110761210,Mechanical Engineering,Un-Aided Autonomous,,STATE,LOBCS,OBC,LADIES,STATE,I,,82344,,74.0094972,FE_2025_CAP3_MH.pdf,18,pdfplumber_text,false,false,
2025-26,FE,3,MH,01107,"P. R. Pote Patil College of Engineering & Management, Amravati",0110761210,Mechanical Engineering,Un-Aided Autonomous,,STATE,GOPENS,OPEN,GENERAL,STATE,VII,,86535,,72.7429418,FE_2025_CAP3_MH.pdf,18,pdfplumber_text,false,true,COLUMN_ALIGNMENT_UNCERTAIN;DUPLICATE_UNIQUE_KEY
2025-26,FE,3,MH,01107,"P. R. Pote Patil College of Engineering & Management, Amravati",0110791110,Computer Science and Engineering(Artificial Intelligence and Machine Learning),Un-Aided Autonomous,,STATE,GSCS,SC,GENERAL,STATE,I,,75447,,76.7694659,FE_2025_CAP3_MH.pdf,18,pdfplumber_text,false,true,COLUMN_ALIGNMENT_UNCERTAIN
2025-26,FE,3,MH,01107,"P. R. Pote Patil College of Engineering & Management, Amravati",0110791110,Computer Science and Engineering(Artificial Intelligence and Machine Learning),Un-Aided Autonomous,,STATE,GSCS,SC,GENERAL,STATE,I-Non,,75295,,76.8955509,FE_2025_CAP3_MH.pdf,18,pdfplumber_text,false,true,COLUMN_ALIGNMENT_UNCERTAIN;DUPLICATE_UNIQUE_KEY
2025-26,FE,3,MH,01107,"P. R. Pote Patil College of Engineering & Management, Amravati",0110791110,Computer Science and Engineering(Artificial Intelligence and Machine Learning),Un-Aided Autonomous,,STATE,GSCS,SC,GENERAL,STATE,VII,,51430,,84.6215640,FE_2025_CAP3_MH.pdf,18,pdfplumber_text,false,true,COLUMN_ALIGNMENT_UNCERTAIN;DUPLICATE_UNIQUE_KEY
2025-26,FE,3,MH,01107,"P. R. Pote Patil College of Engineering & Management, Amravati",0110799510,Artificial Intelligence and Data Science,Un-Aided Autonomous,,STATE,GOPENS,OPEN,GENERAL,STATE,I,,39451,,88.3176594,FE_2025_CAP3_MH.pdf,18,pdfplumber_text,false,true,COLUMN_ALIGNMENT_UNCERTAIN
2025-26,FE,3,MH,01107,"P. R. Pote Patil College of Engineering & Management, Amravati",0110799510,Artificial Intelligence and Data Science,Un-Aided Autonomous,,STATE,GSTS,ST,GENERAL,STATE,I,,89731,,71.4842352,FE_2025_CAP3_MH.pdf,18,pdfplumber_text,false,true,COLUMN_ALIGNMENT_UNCERTAIN
2025-26,FE,3,MH,01107,"P. R. Pote Patil College of Engineering & Management, Amravati",0110799510,Artificial Intelligence and Data Science,Un-Aided Autonomous,,STATE,GNT1S,NT1,GENERAL,STATE,I,,48021,,85.6421968,FE_2025_CAP3_MH.pdf,18,pdfplumber_text,false,true,COLUMN_ALIGNMENT_UNCERTAIN
2025-26,FE,3,MH,01107,"P. R. Pote Patil College of Engineering & Management, Amravati",0110799510,Artificial Intelligence and Data Science,Un-Aided Autonomous,,STATE,GOBCS,OBC,GENERAL,STATE,I,,96828,,68.8687467,FE_2025_CAP3_MH.pdf,18,pdfplumber_text,false,true,COLUMN_ALIGNMENT_UNCERTAIN
2025-26,FE,3,MH,01107,"P. R. Pote Patil College of Engineering & Management, Amravati",0110799510,Artificial Intelligence and Data Science,Un-Aided Autonomous,,STATE,GSEBCS,SEBC,GENERAL,STATE,I,,33618,,90.1133687,FE_2025_CAP3_MH.pdf,18,pdfplumber_text,false,true,COLUMN_ALIGNMENT_UNCERTAIN
2025-26,FE,3,MH,01107,"P. R. Pote Patil College of Engineering & Management, Amravati",0110799510,Artificial Intelligence and Data Science,Un-Aided Autonomous,,STATE,LOPENS,OPEN,LADIES,STATE,I,,60354,,81.7705077,FE_2025_CAP3_MH.pdf,18,pdfplumber_text,false,true,COLUMN_ALIGNMENT_UNCERTAIN
2025-26,FE,3,MH,01107,"P. R. Pote Patil College of Engineering & Management, Amravati",0110799510,Artificial Intelligence and Data Science,Un-Aided Autonomous,,STATE,LSCS,SC,LADIES,STATE,I,,48747,,85.4179037,FE_2025_CAP3_MH.pdf,18,pdfplumber_text,false,true,COLUMN_ALIGNMENT_UNCERTAIN
2025-26,FE,3,MH,01107,"P. R. Pote Patil College of Engineering & Management, Amravati",0110799510,Artificial Intelligence and Data Science,Un-Aided Autonomous,,STATE,GOPENS,OPEN,GENERAL,STATE,I-Non,,41721,,87.6322867,FE_2025_CAP3_MH.pdf,18,pdfplumber_text,false,true,COLUMN_ALIGNMENT_UNCERTAIN;DUPLICATE_UNIQUE_KEY
2025-26,FE,3,MH,01107,"P. R. Pote Patil College of Engineering & Management, Amravati",0110799510,Artificial Intelligence and Data Science,Un-Aided Autonomous,,STATE,GOPENS,OPEN,GENERAL,STATE,I-Non,,62174,,81.1324174,FE_2025_CAP3_MH.pdf,18,pdfplumber_text,false,true,COLUMN_ALIGNMENT_UNCERTAIN;DUPLICATE_UNIQUE_KEY
2025-26,FE,3,MH,01107,"P. R. Pote Patil College of Engineering & Management, Amravati",0110799510,Artificial Intelligence and Data Science,Un-Aided Autonomous,,STATE,GOPENS,OPEN,GENERAL,STATE,VII,,49966,,85.0571556,FE_2025_CAP3_MH.pdf,18,pdfplumber_text,false,true,COLUMN_ALIGNMENT_UNCERTAIN;DUPLICATE_UNIQUE_KEY
2025-26,FE,3,MH,01114,"Sipna Shikshan Prasarak Mandal College of Engineering & Technology, Amravati",0111419110,Civil Engineering,Un-Aided Autonomous,,STATE,GOPENS,OPEN,GENERAL,STATE,I,,83956,,73.6159498,FE_2025_CAP3_MH.pdf,19,pdfplumber_text,false,true,COLUMN_ALIGNMENT_UNCERTAIN
2025-26,FE,3,MH,01114,"Sipna Shikshan Prasarak Mandal College of Engineering & Technology, Amravati",0111419110,Civil Engineering,Un-Aided Autonomous,,STATE,GSEBCS,SEBC,GENERAL,STATE,I,,75672,,76.7694659,FE_2025_CAP3_MH.pdf,19,pdfplumber_text,false,true,COLUMN_ALIGNMENT_UNCERTAIN
2025-26,FE,3,MH,01114,"Sipna Shikshan Prasarak Mandal College of Engineering & Technology, Amravati",0111419110,Civil Engineering,Un-Aided Autonomous,,STATE,GOPENS,OPEN,GENERAL,STATE,I-Non,,84884,,73.4354379,FE_2025_CAP3_MH.pdf,19,pdfplumber_text,false,true,COLUMN_ALIGNMENT_UNCERTAIN;DUPLICATE_UNIQUE_KEY
2025-26,FE,3,MH,01114,"Sipna Shikshan Prasarak Mandal College of Engineering & Technology, Amravati",0111419110,Civil Engineering,Un-Aided Autonomous,,STATE,GOPENS,OPEN,GENERAL,STATE,VII,,85001,,73.4354379,FE_2025_CAP3_MH.pdf,19,pdfplumber_text,false,true,COLUMN_ALIGNMENT_UNCERTAIN;DUPLICATE_UNIQUE_KEY
2025-26,FE,3,MH,01114,"Sipna Shikshan Prasarak Mandal College of Engineering & Technology, Amravati",0111424210,Computer Science and Engineering,Un-Aided Autonomous,,STATE,GOPENS,OPEN,GENERAL,STATE,I,,40401,,87.9825175,FE_2025_CAP3_MH.pdf,19,pdfplumber_text,false,false,
2025-26,FE,3,MH,01114,"Sipna Shikshan Prasarak Mandal College of Engineering & Technology, Amravati",0111424210,Computer Science and Engineering,Un-Aided Autonomous,,STATE,GSTS,ST,GENERAL,STATE,I,,167349,,32.1650475,FE_2025_CAP3_MH.pdf,19,pdfplumber_text,false,false,
2025-26,FE,3,MH,01114,"Sipna Shikshan Prasarak Mandal College of Engineering & Technology, Amravati",0111424210,Computer Science and Engineering,Un-Aided Autonomous,,STATE,GSEBCS,SEBC,GENERAL,STATE,I,,77291,,75.6538462,FE_2025_CAP3_MH.pdf,19,pdfplumber_text,false,false,
2025-26,FE,3,MH,01114,"Sipna Shikshan Prasarak Mandal College of Engineering & Technology, Amravati",0111424210,Computer Science and Engineering,Un-Aided Autonomous,,STATE,EWS,EWS,SPECIAL,STATE,I,,84961,,73.4354379,FE_2025_CAP3_MH.pdf,19,pdfplumber_text,false,false,
2025-26,FE,3,MH,01114,"Sipna Shikshan Prasarak Mandal College of Engineering & Technology, Amravati",0111424610,Information Technology,Un-Aided Autonomous,,STATE,GVJS,VJ,GENERAL,STATE,I,,64713,,80.3531469,FE_2025_CAP3_MH.pdf,19,pdfplumber_text,false,true,COLUMN_ALIGNMENT_UNCERTAIN
2025-26,FE,3,MH,01114,"Sipna Shikshan Prasarak Mandal College of Engineering & Technology, Amravati",0111424610,Information Technology,Un-Aided Autonomous,,STATE,GSEBCS,SEBC,GENERAL,STATE,I,,135940,,50.8281802,FE_2025_CAP3_MH.pdf,19,pdfplumber_text,false,true,COLUMN_ALIGNMENT_UNCERTAIN
2025-26,FE,3,MH,01114,"Sipna Shikshan Prasarak Mandal College of Engineering & Technology, Amravati",0111424610,Information Technology,Un-Aided Autonomous,,STATE,LOPENS,OPEN,LADIES,STATE,I,,49699,,85.1139120,FE_2025_CAP3_MH.pdf,19,pdfplumber_text,false,true,COLUMN_ALIGNMENT_UNCERTAIN
2025-26,FE,3,MH,01114,"Sipna Shikshan Prasarak Mandal College of Engineering & Technology, Amravati",0111424610,Information Technology,Un-Aided Autonomous,,STATE,PWDOPENS,OPEN,SPECIAL,STATE,I,,95332,,69.3295893,FE_2025_CAP3_MH.pdf,19,pdfplumber_text,false,true,COLUMN_ALIGNMENT_UNCERTAIN
2025-26,FE,3,MH,01114,"Sipna Shikshan Prasarak Mandal College of Engineering & Technology, Amravati",0111424610,Information Technology,Un-Aided Autonomous,,STATE,GVJS,VJ,GENERAL,STATE,I-Non,,44352,,86.7202099,FE_2025_CAP3_MH.pdf,19,pdfplumber_text,false,true,COLUMN_ALIGNMENT_UNCERTAIN;DUPLICATE_UNIQUE_KEY
2025-26,FE,3,MH,01114,"Sipna Shikshan Prasarak Mandal College of Engineering & Technology, Amravati",0111426310,Artificial Intelligence (AI) and Data Science,Un-Aided Autonomous,,STATE,GSTS,ST,GENERAL,STATE,I,,104595,,65.6692751,FE_2025_CAP3_MH.pdf,19,pdfplumber_text,false,true,COLUMN_ALIGNMENT_UNCERTAIN
2025-26,FE,3,MH,01114,"Sipna Shikshan Prasarak Mandal College of Engineering & Technology, Amravati",0111426310,Artificial Intelligence (AI) and Data Science,Un-Aided Autonomous,,STATE,GSEBCS,SEBC,GENERAL,STATE,I,,53984,,83.7934335,FE_2025_CAP3_MH.pdf,19,pdfplumber_text,false,true,COLUMN_ALIGNMENT_UNCERTAIN
2025-26,FE,3,MH,01114,"Sipna Shikshan Prasarak Mandal College of Engineering & Technology, Amravati",0111426310,Artificial Intelligence (AI) and Data Science,Un-Aided Autonomous,,STATE,GSTS,ST,GENERAL,STATE,I-Non,,50514,,84.8811189,FE_2025_CAP3_MH.pdf,19,pdfplumber_text,false,true,COLUMN_ALIGNMENT_UNCERTAIN;DUPLICATE_UNIQUE_KEY
2025-26,FE,3,MH,01114,"Sipna Shikshan Prasarak Mandal College of Engineering & Technology, Amravati",0111426310,Artificial Intelligence (AI) and Data Science,Un-Aided Autonomous,,STATE,GSTS,ST,GENERAL,STATE,VII,,53842,,83.8802370,FE_2025_CAP3_MH.pdf,19,pdfplumber_text,false,true,COLUMN_ALIGNMENT_UNCERTAIN;DUPLICATE_UNIQUE_KEY
2025-26,FE,3,MH,01114,"Sipna Shikshan Prasarak Mandal College of Engineering & Technology, Amravati",0111437210,Electronics and Telecommunication Engg,Un-Aided Autonomous,,STATE,GOPENS,OPEN,GENERAL,STATE,I,,71973,,78.0104170,FE_2025_CAP3_MH.pdf,20,pdfplumber_text,false,true,COLUMN_ALIGNMENT_UNCERTAIN
2025-26,FE,3,MH,01114,"Sipna Shikshan Prasarak Mandal College of Engineering & Technology, Amravati",0111437210,Electronics and Telecommunication Engg,Un-Aided Autonomous,,STATE,GSCS,SC,GENERAL,STATE,I,,80842,,74.9785452,FE_2025_CAP3_MH.pdf,20,pdfplumber_text,false,true,COLUMN_ALIGNMENT_UNCERTAIN
2025-26,FE,3,MH,01114,"Sipna Shikshan Prasarak Mandal College of Engineering & Technology, Amravati",0111437210,Electronics and Telecommunication Engg,Un-Aided Autonomous,,STATE,LOPENS,OPEN,LADIES,STATE,I,,66398,,79.7946282,FE_2025_CAP3_MH.pdf,20,pdfplumber_text,false,true,COLUMN_ALIGNMENT_UNCERTAIN
2025-26,FE,3,MH,01114,"Sipna Shikshan Prasarak Mandal College of Engineering & Technology, Amravati",0111437210,Electronics and Telecommunication Engg,Un-Aided Autonomous,,STATE,LOBCS,OBC,LADIES,STATE,I,,69441,,78.6167398,FE_2025_CAP3_MH.pdf,20,pdfplumber_text,false,true,COLUMN_ALIGNMENT_UNCERTAIN
2025-26,FE,3,MH,01114,"Sipna Shikshan Prasarak Mandal College of Engineering & Technology, Amravati",0111437210,Electronics and Telecommunication Engg,Un-Aided Autonomous,,STATE,PWDOPENS,OPEN,SPECIAL,STATE,I,,58353,,82.3736697,FE_2025_CAP3_MH.pdf,20,pdfplumber_text,false,true,COLUMN_ALIGNMENT_UNCERTAIN
2025-26,FE,3,MH,01114,"Sipna Shikshan Prasarak Mandal College of Engineering & Technology, Amravati",0111437210,Electronics and Telecommunication Engg,Un-Aided Autonomous,,STATE,GOPENS,OPEN,GENERAL,STATE,I-Non,,72109,,78.0104170,FE_2025_CAP3_MH.pdf,20,pdfplumber_text,false,true,COLUMN_ALIGNMENT_UNCERTAIN;DUPLICATE_UNIQUE_KEY
2025-26,FE,3,MH,01114,"Sipna Shikshan Prasarak Mandal College of Engineering & Technology, Amravati",0111437210,Electronics and Telecommunication Engg,Un-Aided Autonomous,,STATE,GOPENS,OPEN,GENERAL,STATE,I-Non,,71397,,78.2396759,FE_2025_CAP3_MH.pdf,20,pdfplumber_text,false,true,COLUMN_ALIGNMENT_UNCERTAIN;DUPLICATE_UNIQUE_KEY
2025-26,FE,3,MH,01114,"Sipna Shikshan Prasarak Mandal College of Engineering & Technology, Amravati",0111437210,Electronics and Telecommunication Engg,Un-Aided Autonomous,,STATE,GOPENS,OPEN,GENERAL,STATE,VII,,72664,,77.5384615,FE_2025_CAP3_MH.pdf,20,pdfplumber_text,false,true,COLUMN_ALIGNMENT_UNCERTAIN;DUPLICATE_UNIQUE_KEY
2025-26,FE,3,MH,01114,"Sipna Shikshan Prasarak Mandal College of Engineering & Technology, Amravati",0111461210,Mechanical Engineering,Un-Aided Autonomous,,STATE,GOPENS,OPEN,GENERAL,STATE,I,,96899,,68.8687467,FE_2025_CAP3_MH.pdf,20,pdfplumber_text,false,true,COLUMN_ALIGNMENT_UNCERTAIN
2025-26,FE,3,MH,01114,"Sipna Shikshan Prasarak Mandal College of Engineering & Technology, Amravati",0111461210,Mechanical Engineering,Un-Aided Autonomous,,STATE,GSCS,SC,GENERAL,STATE,I,,112097,,62.1412608,FE_2025_CAP3_MH.pdf,20,pdfplumber_text,false,true,COLUMN_ALIGNMENT_UNCERTAIN
2025-26,FE,3,MH,01114,"Sipna Shikshan Prasarak Mandal College of Engineering & Technology, Amravati",0111461210,Mechanical Engineering,Un-Aided Autonomous,,STATE,GSTS,ST,GENERAL,STATE,I,,100139,,67.2177090,FE_2025_CAP3_MH.pdf,20,pdfplumber_text,false,true,COLUMN_ALIGNMENT_UNCERTAIN
2025-26,FE,3,MH,01114,"Sipna Shikshan Prasarak Mandal College of Engineering & Technology, Amravati",0111461210,Mechanical Engineering,Un-Aided Autonomous,,STATE,GOBCS,OBC,GENERAL,STATE,I,,171527,,29.0442453,FE_2025_CAP3_MH.pdf,20,pdfplumber_text,false,true,COLUMN_ALIGNMENT_UNCERTAIN
2025-26,FE,3,MH,01114,"Sipna Shikshan Prasarak Mandal College of Engineering & Technology, Amravati",0111461210,Mechanical Engineering,Un-Aided Autonomous,,STATE,GSEBCS,SEBC,GENERAL,STATE,I,,95618,,69.2179237,FE_2025_CAP3_MH.pdf,20,pdfplumber_text,false,true,COLUMN_ALIGNMENT_UNCERTAIN
2025-26,FE,3,MH,01114,"Sipna Shikshan Prasarak Mandal College of Engineering & Technology, Amravati",0111461210,Mechanical Engineering,Un-Aided Autonomous,,STATE,LOPENS,OPEN,LADIES,STATE,I,,84480,,73.4722277,FE_2025_CAP3_MH.pdf,20,pdfplumber_text,false,true,COLUMN_ALIGNMENT_UNCERTAIN
2025-26,FE,3,MH,01114,"Sipna Shikshan Prasarak Mandal College of Engineering & Technology, Amravati",0111461210,Mechanical Engineering,Un-Aided Autonomous,,STATE,LSTS,ST,LADIES,STATE,I,,113287,,61.7969670,FE_2025_CAP3_MH.pdf,20,pdfplumber_text,false,true,COLUMN_ALIGNMENT_UNCERTAIN
2025-26,FE,3,MH,01114,"Sipna Shikshan Prasarak Mandal College of Engineering & Technology, Amravati",0111461210,Mechanical Engineering,Un-Aided Autonomous,,STATE,GOPENS,OPEN,GENERAL,STATE,I-Non,,92409,,70.5072010,FE_2025_CAP3_MH.pdf,20,pdfplumber_text,false,true,COLUMN_ALIGNMENT_UNCERTAIN;DUPLICATE_UNIQUE_KEY
2025-26,FE,3,MH,01114,"Sipna Shikshan Prasarak Mandal College of Engineering & Technology, Amravati",0111461210,Mechanical Engineering,Un-Aided Autonomous,,STATE,GOPENS,OPEN,GENERAL,STATE,VII,,101669,,66.4263323,FE_2025_CAP3_MH.pdf,20,pdfplumber_text,false,true,COLUMN_ALIGNMENT_UNCERTAIN;DUPLICATE_UNIQUE_KEY
2025-26,FE,3,MH,01114,"Sipna Shikshan Prasarak Mandal College of Engineering & Technology, Amravati",0111461210,Mechanical Engineering,Un-Aided Autonomous,,STATE,GSCS,SC,GENERAL,STATE,VII,,89916,,71.4842352,FE_2025_CAP3_MH.pdf,20,pdfplumber_text,false,true,COLUMN_ALIGNMENT_UNCERTAIN;DUPLICATE_UNIQUE_KEY
